CountryName,capital,population,coach,Player_Lname,Player_Fname,Height,BirthDate,isCaptain,Position,no_Yellow_cards,no_Red_cards,no_Goals,no_Assists,Year,Host,Winner
Algeria,Algiers,39.9,Vahid Halilhodzic,BRAHIMI,YACINE,171,08-02-1990,FALSE,Midfielder,0,0,1,1,117,Uruguay,Uruguay
Algeria,Algiers,39.9,Vahid Halilhodzic,FEGHOULI,SOFIANE,177,26-12-1989,FALSE,Forward,0,0,1,1,1934,Italy,Italy
Algeria,Algiers,39.9,Vahid Halilhodzic,TAIDER,SAPHIR,179,29-02-1992,FALSE,Midfielder,0,0,0,0,1938,France,Italy
Algeria,Algiers,39.9,Vahid Halilhodzic,MAHREZ,RIYAD,179,21-02-1991,FALSE,Forward,0,0,0,0,1950,Brazil,Uruguay
Algeria,Algiers,39.9,Vahid Halilhodzic,MBOLHI,RAIS,186,25-04-1986,FALSE,Goalkeeper,0,0,0,0,1954,Switzerland,Germany
Algeria,Algiers,39.9,Vahid Halilhodzic,HALLICHE,RAFIK,187,02-09-1986,FALSE,Defender,1,0,1,0,1958,Sweden,Brazil
Algeria,Algiers,39.9,Vahid Halilhodzic,GHILAS,NABIL,183,20-04-1990,FALSE,Forward,1,0,0,0,1962,Chile,Brazil
Algeria,Algiers,39.9,Vahid Halilhodzic,BENTALEB,NABIL,189,24-11-1994,FALSE,Midfielder,1,0,0,0,1966,England,England
Algeria,Algiers,39.9,Vahid Halilhodzic,ZEMMAMOUCHE,MOHAMED,187,19-03-1985,FALSE,Goalkeeper,0,0,0,0,1970,Mexico,Brazil
Algeria,Algiers,39.9,Vahid Halilhodzic,MOSTEFA,MEHDI,182,30-08-1983,FALSE,Midfielder,0,0,0,0,1974,Germany,Germany
Algeria,Algiers,39.9,Vahid Halilhodzic,LACEN,MEDHI,175,15-03-1984,FALSE,Midfielder,0,0,0,0,1978,Argentina,Argentina
Algeria,Algiers,39.9,Vahid Halilhodzic,BOUGUERRA,MADJID,189,07-10-1982,TRUE,Defender,1,0,0,0,1982,Spain,Italy
Algeria,Algiers,39.9,Vahid Halilhodzic,CADAMURO,LIASSINE,187,05-03-1988,FALSE,Defender,1,0,0,0,1986,Mexico,Argentina
Algeria,Algiers,39.9,Vahid Halilhodzic,SLIMANI,ISLAM,188,18-06-1988,FALSE,Forward,0,0,2,1,1990,Italy,Germany
Algeria,Algiers,39.9,Vahid Halilhodzic,YEBDA,HASSAN,188,14-05-1984,FALSE,Midfielder,0,0,0,0,1994,USA,Brazil
Algeria,Algiers,39.9,Vahid Halilhodzic,GHOULAM,FAOUZI,184,01-02-1991,FALSE,Defender,0,0,0,0,1998,France,France
Algeria,Algiers,39.9,Vahid Halilhodzic,BELKALEM,ESSEID,190,01-01-1989,FALSE,Defender,0,0,0,0,2002,South Korea,Brazil
Algeria,Algiers,39.9,Vahid Halilhodzic,ARABI SOUDANI,EL,177,25-11-1987,FALSE,Forward,0,0,0,0,2006,Germany,Italy
Algeria,Algiers,39.9,Vahid Halilhodzic,MESBAH,DJAMEL,179,09-10-1984,FALSE,Defender,1,0,0,0,2010,South Africa,Spain
Algeria,Algiers,39.9,Vahid Halilhodzic,SI MOHAMMED,CEDRIC,182,09-01-1985,FALSE,Goalkeeper,0,0,0,0,2014,Brazil,Germany
Algeria,Algiers,39.9,Vahid Halilhodzic,MEDJANI,CARL,180,15-05-1985,FALSE,Defender,0,0,0,1,,,
Algeria,Algiers,39.9,Vahid Halilhodzic,MANDI,AISSA,184,22-10-1991,FALSE,Defender,0,0,0,0,,,
Algeria,Algiers,39.9,Vahid Halilhodzic,DJABOU,ABDELMOUMENE,168,31-01-1987,FALSE,Forward,0,0,2,1,,,
Argentina,Buenos Aires,42.3,Alejandro Sabella,ROMERO,SERGIO,192,22-02-1987,FALSE,Goalkeeper,0,0,0,0,,,
Argentina,Buenos Aires,42.3,Alejandro Sabella,AGUERO,SERGIO,172,02-06-1988,FALSE,Forward,1,0,0,0,,,
Argentina,Buenos Aires,42.3,Alejandro Sabella,PALACIO,RODRIGO,175,05-02-1982,FALSE,Forward,0,0,0,0,,,
Argentina,Buenos Aires,42.3,Alejandro Sabella,ALVAREZ,RICARDO,188,12-04-1988,FALSE,Midfielder,0,0,0,0,,,
Argentina,Buenos Aires,42.3,Alejandro Sabella,ZABALETA,PABLO,174,16-01-1985,FALSE,Defender,0,0,0,0,,,
Argentina,Buenos Aires,42.3,Alejandro Sabella,RODRIGUEZ,MAXI,180,02-01-1981,FALSE,Midfielder,0,0,0,0,,,
Argentina,Buenos Aires,42.3,Alejandro Sabella,DEMICHELIS,MARTIN,184,20-12-1980,FALSE,Defender,1,0,0,0,,,
Argentina,Buenos Aires,42.3,Alejandro Sabella,ANDUJAR,MARIANO,194,30-07-1983,FALSE,Goalkeeper,0,0,0,0,,,
Argentina,Buenos Aires,42.3,Alejandro Sabella,ROJO,MARCOS,189,20-03-1990,FALSE,Defender,1,0,1,1,,,
Argentina,Buenos Aires,42.3,Alejandro Sabella,BIGLIA,LUCAS,175,30-01-1986,FALSE,Midfielder,1,0,0,0,,,
Argentina,Buenos Aires,42.3,Alejandro Sabella,MESSI,LIONEL,169,24-06-1987,TRUE,Forward,0,0,4,1,,,
Argentina,Buenos Aires,42.3,Alejandro Sabella,MARIA BASANTA,JOSE,188,03-04-1984,FALSE,Defender,0,0,0,0,,,
Argentina,Buenos Aires,42.3,Alejandro Sabella,MASCHERANO,JAVIER,171,08-06-1984,FALSE,Midfielder,1,0,0,0,,,
Argentina,Buenos Aires,42.3,Alejandro Sabella,CAMPAGNARO,HUGO,181,27-06-1980,FALSE,Defender,0,0,0,0,,,
Argentina,Buenos Aires,42.3,Alejandro Sabella,HIGUAIN,GONZALO,184,10-12-1987,FALSE,Forward,0,0,1,0,,,
Argentina,Buenos Aires,42.3,Alejandro Sabella,GAGO,FERNANDO,178,10-04-1986,FALSE,Midfielder,0,0,0,0,,,
Argentina,Buenos Aires,42.3,Alejandro Sabella,FERNANDEZ,FEDERICO,190,21-02-1989,FALSE,Defender,0,0,0,0,,,
Argentina,Buenos Aires,42.3,Alejandro Sabella,LAVEZZI,EZEQUIEL,173,03-05-1985,FALSE,Forward,0,0,0,0,,,
Argentina,Buenos Aires,42.3,Alejandro Sabella,GARAY,EZEQUIEL,186,10-10-1986,FALSE,Defender,0,0,0,1,,,
Argentina,Buenos Aires,42.3,Alejandro Sabella,PEREZ,ENZO,177,22-02-1986,FALSE,Midfielder,0,0,0,0,,,
Argentina,Buenos Aires,42.3,Alejandro Sabella,FERNANDEZ,AUGUSTO,177,10-04-1986,FALSE,Midfielder,0,0,0,0,,,
Argentina,Buenos Aires,42.3,Alejandro Sabella,DI MARIA,ANGEL,178,14-02-1988,FALSE,Midfielder,1,0,1,1,,,
Argentina,Buenos Aires,42.3,Alejandro Sabella,ORION,AGUSTIN,190,26-07-1981,FALSE,Goalkeeper,0,0,0,0,,,
Australia,Canberra,23.59,Ange Postecoglou,OAR,TOMMY,170,10-12-1991,FALSE,Midfielder,0,0,0,1,,,
Australia,Canberra,23.59,Ange Postecoglou,CAHILL,TIM,180,06-12-1979,FALSE,Forward,2,0,2,0,,,
Australia,Canberra,23.59,Ange Postecoglou,MCGOWAN,RYAN,185,15-08-1989,FALSE,Defender,0,0,0,1,,,
Australia,Canberra,23.59,Ange Postecoglou,BOZANIC,OLIVER,167,08-01-1989,FALSE,Midfielder,0,0,0,0,,,
Australia,Canberra,23.59,Ange Postecoglou,LANGERAK,MITCH,191,22-08-1988,FALSE,Goalkeeper,0,0,0,0,,,
Australia,Canberra,23.59,Ange Postecoglou,JEDINAK,MILE,188,03-08-1984,TRUE,Midfielder,2,0,1,0,,,
Australia,Canberra,23.59,Ange Postecoglou,RYAN,MATY,181,08-04-1992,FALSE,Goalkeeper,0,0,0,0,,,
Australia,Canberra,23.59,Ange Postecoglou,SPIRANOVIC,MATTHEW,188,27-06-1988,FALSE,Defender,1,0,0,0,,,
Australia,Canberra,23.59,Ange Postecoglou,MCKAY,MATT,174,11-01-1983,FALSE,Midfielder,0,0,0,0,,,
Australia,Canberra,23.59,Ange Postecoglou,LECKIE,MATHEW,181,04-02-1991,FALSE,Forward,0,0,0,0,,,
Australia,Canberra,23.59,Ange Postecoglou,LUONGO,MASSIMO,176,25-09-1992,FALSE,Midfielder,0,0,0,0,,,
Australia,Canberra,23.59,Ange Postecoglou,MILLIGAN,MARK,178,04-08-1985,FALSE,Midfielder,1,0,0,0,,,
Australia,Canberra,23.59,Ange Postecoglou,BRESCIANO,MARK,182,11-02-1980,FALSE,Midfielder,0,0,0,0,,,
Australia,Canberra,23.59,Ange Postecoglou,DAVIDSON,JASON,179,29-06-1991,FALSE,Defender,0,0,0,0,,,
Australia,Canberra,23.59,Ange Postecoglou,TROISI,JAMES,177,03-07-1988,FALSE,Midfielder,0,0,0,0,,,
Australia,Canberra,23.59,Ange Postecoglou,HOLLAND,JAMES,180,15-05-1989,FALSE,Midfielder,0,0,0,0,,,
Australia,Canberra,23.59,Ange Postecoglou,FRANJIC,IVAN,180,10-09-1987,FALSE,Defender,0,0,0,0,,,
Australia,Canberra,23.59,Ange Postecoglou,GALEKOVIC,EUGENE,186,12-06-1981,FALSE,Goalkeeper,0,0,0,0,,,
Australia,Canberra,23.59,Ange Postecoglou,VIDOSIC,DARIO,185,08-04-1987,FALSE,Midfielder,0,0,0,0,,,
Australia,Canberra,23.59,Ange Postecoglou,HALLORAN,BEN,180,14-06-1992,FALSE,Forward,0,0,0,0,,,
Australia,Canberra,23.59,Ange Postecoglou,WRIGHT,BAILEY,184,28-07-1992,FALSE,Defender,0,0,0,0,,,
Australia,Canberra,23.59,Ange Postecoglou,WILKINSON,ALEX,183,13-08-1984,FALSE,Defender,0,0,0,0,,,
Australia,Canberra,23.59,Ange Postecoglou,TAGGART,ADAM,172,02-06-1993,FALSE,Forward,0,0,0,0,,,
Belgium,Brussels,11.2,Marc Wilmots,KOMPANY,VINCENT,190,10-04-1986,TRUE,Defender,1,0,0,0,,,
Belgium,Brussels,11.2,Marc Wilmots,ALDERWEIRELD,TOBY,186,02-03-1989,FALSE,Defender,2,0,0,0,,,
Belgium,Brussels,11.2,Marc Wilmots,VERMAELEN,THOMAS,178,14-11-1985,FALSE,Defender,0,0,0,0,,,
Belgium,Brussels,11.2,Marc Wilmots,COURTOIS,THIBAUT,198,11-05-1992,FALSE,Goalkeeper,0,0,0,0,,,
Belgium,Brussels,11.2,Marc Wilmots,DEFOUR,STEVEN,173,15-04-1988,FALSE,Midfielder,0,1,0,0,,,
Belgium,Brussels,11.2,Marc Wilmots,MIGNOLET,SIMON,193,06-03-1988,FALSE,Goalkeeper,0,0,0,0,,,
Belgium,Brussels,11.2,Marc Wilmots,BOSSUT,SAMMY,187,11-08-1985,FALSE,Goalkeeper,0,0,0,0,,,
Belgium,Brussels,11.2,Marc Wilmots,LUKAKU,ROMELU,190,13-05-1993,FALSE,Forward,0,0,1,1,,,
Belgium,Brussels,11.2,Marc Wilmots,LOMBAERTS,NICOLAS,188,20-03-1985,FALSE,Defender,0,0,0,0,,,
Belgium,Brussels,11.2,Marc Wilmots,CHADLI,NACER,187,02-08-1989,FALSE,Midfielder,0,0,0,0,,,
Belgium,Brussels,11.2,Marc Wilmots,DEMBELE,MOUSSA,185,16-07-1987,FALSE,Midfielder,1,0,0,0,,,
Belgium,Brussels,11.2,Marc Wilmots,FELLAINI,MAROUANE,194,22-11-1987,FALSE,Midfielder,0,0,1,0,,,
Belgium,Brussels,11.2,Marc Wilmots,CIMAN,LAURENT,180,05-08-1985,FALSE,Defender,0,0,0,0,,,
Belgium,Brussels,11.2,Marc Wilmots,MIRALLAS,KEVIN,179,05-10-1987,FALSE,Forward,0,0,0,0,,,
Belgium,Brussels,11.2,Marc Wilmots,DE BRUYNE,KEVIN,181,28-06-1991,FALSE,Midfielder,0,0,1,2,,,
Belgium,Brussels,11.2,Marc Wilmots,VERTONGHEN,JAN,189,24-04-1987,FALSE,Defender,1,0,1,0,,,
Belgium,Brussels,11.2,Marc Wilmots,HAZARD,EDEN,172,07-01-1991,FALSE,Midfielder,1,0,0,2,,,
Belgium,Brussels,11.2,Marc Wilmots,MERTENS,DRIES,164,06-05-1987,FALSE,Midfielder,0,0,1,0,,,
Belgium,Brussels,11.2,Marc Wilmots,ORIGI,DIVOCK,185,18-04-1995,FALSE,Forward,0,0,1,1,,,
Belgium,Brussels,11.2,Marc Wilmots,VAN BUYTEN,DANIEL,196,07-02-1978,FALSE,Defender,0,0,0,0,,,
Belgium,Brussels,11.2,Marc Wilmots,WITSEL,AXEL,183,12-01-1989,FALSE,Midfielder,1,0,0,0,,,
Belgium,Brussels,11.2,Marc Wilmots,VANDEN BORRE,ANTHONY,185,24-10-1987,FALSE,Defender,0,0,0,0,,,
Belgium,Brussels,11.2,Marc Wilmots,JANUZAJ,ADNAN,180,05-02-1995,FALSE,Midfielder,0,0,0,0,,,
Bosnia & Herzegovina,Sarajevo,3.83,Safet Susic,MISIMOVIC,ZVJEZDAN,180,05-06-1982,FALSE,Midfielder,0,0,0,0,,,
Bosnia & Herzegovina,Sarajevo,3.83,Safet Susic,IBISEVIC,VEDAD,189,06-08-1984,FALSE,Forward,3,0,1,0,,,
Bosnia & Herzegovina,Sarajevo,3.83,Safet Susic,SUNJIC,TONI,192,15-12-1988,FALSE,Defender,0,0,0,0,,,
Bosnia & Herzegovina,Sarajevo,3.83,Safet Susic,SVEN SUSIC,TINO,186,13-02-1992,FALSE,Midfielder,0,0,0,1,,,
Bosnia & Herzegovina,Sarajevo,3.83,Safet Susic,IBRICIC,SENIJAD,185,26-09-1985,FALSE,Midfielder,0,0,0,0,,,
Bosnia & Herzegovina,Sarajevo,3.83,Safet Susic,LULIC,SENAD,183,18-01-1986,FALSE,Midfielder,0,0,0,1,,,
Bosnia & Herzegovina,Sarajevo,3.83,Safet Susic,SALIHOVIC,SEJAD,182,08-10-1984,FALSE,Midfielder,0,0,0,0,,,
Bosnia & Herzegovina,Sarajevo,3.83,Safet Susic,KOLASINAC,SEAD,183,20-06-1993,FALSE,Defender,0,0,0,0,,,
Bosnia & Herzegovina,Sarajevo,3.83,Safet Susic,VRANJES,OGNJEN,186,24-10-1989,FALSE,Defender,0,0,1,0,,,
Bosnia & Herzegovina,Sarajevo,3.83,Safet Susic,BESIC,MUHAMED,177,10-09-1992,FALSE,Midfielder,1,0,0,0,,,
Bosnia & Herzegovina,Sarajevo,3.83,Safet Susic,PJANIC,MIRALEM,180,02-04-1990,FALSE,Midfielder,0,0,1,1,,,
Bosnia & Herzegovina,Sarajevo,3.83,Safet Susic,MUJDZA,MENSUR,184,28-03-1984,FALSE,Midfielder,0,0,0,0,,,
Bosnia & Herzegovina,Sarajevo,3.83,Safet Susic,FEJZIC,JASMIN,198,15-05-1986,FALSE,Goalkeeper,0,0,0,0,,,
Bosnia & Herzegovina,Sarajevo,3.83,Safet Susic,HAJROVIC,IZET,177,04-08-1991,FALSE,Midfielder,0,0,0,0,,,
Bosnia & Herzegovina,Sarajevo,3.83,Safet Susic,MEDUNJANIN,HARIS,188,08-03-1985,FALSE,Midfielder,1,0,0,0,,,
Bosnia & Herzegovina,Sarajevo,3.83,Safet Susic,BICAKCIC,ERMIN,185,24-01-1990,FALSE,Defender,0,0,0,0,,,
Bosnia & Herzegovina,Sarajevo,3.83,Safet Susic,SPAHIC,EMIR,183,18-08-1980,TRUE,Defender,1,0,0,0,,,
Bosnia & Herzegovina,Sarajevo,3.83,Safet Susic,VISCA,EDIN,172,17-02-1990,FALSE,Forward,0,0,0,0,,,
Bosnia & Herzegovina,Sarajevo,3.83,Safet Susic,DZEKO,EDIN,192,17-03-1986,FALSE,Forward,0,0,1,1,,,
Bosnia & Herzegovina,Sarajevo,3.83,Safet Susic,VRSAJEVIC,AVDIJA,182,06-03-1986,FALSE,Midfielder,0,0,0,0,,,
Bosnia & Herzegovina,Sarajevo,3.83,Safet Susic,BEGOVIC,ASMIR,198,20-06-1987,FALSE,Goalkeeper,0,0,0,0,,,
Bosnia & Herzegovina,Sarajevo,3.83,Safet Susic,AVDUKIC,ASMIR,190,13-05-1981,FALSE,Goalkeeper,0,0,0,0,,,
Bosnia & Herzegovina,Sarajevo,3.83,Safet Susic,HADZIC,ANEL,184,16-08-1989,FALSE,Midfielder,0,0,0,0,,,
Brazil,Brasilia,202.4,Luiz Felipe Scolari,DA SILVA,WILLIAN,176,09-08-1988,FALSE,Midfielder,0,0,0,0,,,
Brazil,Brasilia,202.4,Luiz Felipe Scolari,LEANDRO BAGY,VICTOR,195,21-01-1983,FALSE,Goalkeeper,0,0,0,0,,,
Brazil,Brasilia,202.4,Luiz Felipe Scolari,SILVA,THIAGO,182,22-09-1984,TRUE,Defender,3,0,1,1,,,
Brazil,Brasilia,202.4,Luiz Felipe Scolari,SANTOS,RAMIRES,181,24-03-1987,FALSE,Midfielder,1,0,0,0,,,
Brazil,Brasilia,202.4,Luiz Felipe Scolari,MACIEL JR.,PAULINHO,181,25-07-1988,FALSE,Midfielder,0,0,0,0,,,
Brazil,Brasilia,202.4,Luiz Felipe Scolari,DOS SANTOS JR.,OSCAR,181,09-09-1991,FALSE,Midfielder,1,0,2,1,,,
Brazil,Brasilia,202.4,Luiz Felipe Scolari,SANTOS JR.,NEYMAR,175,05-02-1992,FALSE,Forward,1,0,4,1,,,
Brazil,Brasilia,202.4,Luiz Felipe Scolari,ANDRADE,MAXWELL,177,27-08-1981,FALSE,Defender,0,0,0,0,,,
Brazil,Brasilia,202.4,Luiz Felipe Scolari,VIEIRA,MARCELO,174,12-05-1988,FALSE,Defender,0,0,0,1,,,
Brazil,Brasilia,202.4,Luiz Felipe Scolari,SISENANDO,MAICON,186,26-07-1981,FALSE,Defender,0,0,0,0,,,
Brazil,Brasilia,202.4,Luiz Felipe Scolari,GUSTAVO,LUIZ,188,23-07-1987,FALSE,Midfielder,1,0,0,1,,,
Brazil,Brasilia,202.4,Luiz Felipe Scolari,CESAR,JULIO,179,03-09-1979,FALSE,Goalkeeper,0,0,0,0,,,
Brazil,Brasilia,202.4,Luiz Felipe Scolari,SILVA,JO,191,20-03-1987,FALSE,Forward,1,0,0,0,,,
Brazil,Brasilia,202.4,Luiz Felipe Scolari,GALVAO,JEFFERSON,190,02-01-1983,FALSE,Goalkeeper,0,0,0,0,,,
Brazil,Brasilia,202.4,Luiz Felipe Scolari,DE SOUSA,HULK,179,25-07-1986,FALSE,Forward,1,0,0,0,,,
Brazil,Brasilia,202.4,Luiz Felipe Scolari,VIANA LIMA,HERNANES,180,29-05-1985,FALSE,Midfielder,0,0,0,0,,,
Brazil,Brasilia,202.4,Luiz Felipe Scolari,ADRIANO BUSS,HENRIQUE,186,14-10-1986,FALSE,Defender,0,0,0,0,,,
Brazil,Brasilia,202.4,Luiz Felipe Scolari,CHAVES GUEDES,FRED,186,03-10-1983,FALSE,Forward,0,0,1,0,,,
Brazil,Brasilia,202.4,Luiz Felipe Scolari,LUIZ ROZA,FERNANDINHO,179,04-05-1985,FALSE,Midfielder,1,0,1,0,,,
Brazil,Brasilia,202.4,Luiz Felipe Scolari,LUIZ,DAVID,189,22-04-1987,FALSE,Defender,0,0,2,1,,,
Brazil,Brasilia,202.4,Luiz Felipe Scolari,SANTOS,DANTE,189,18-10-1983,FALSE,Defender,1,0,0,1,,,
Brazil,Brasilia,202.4,Luiz Felipe Scolari,ALVES,DANI,175,06-05-1983,FALSE,Defender,1,0,0,0,,,
Brazil,Brasilia,202.4,Luiz Felipe Scolari,DUARTE,BERNARD,166,08-09-1992,FALSE,Forward,0,0,0,0,,,
Cameroon,Yaounde,23.03,Volker Finke,ABOUBAKAR,VINCENT,176,22-01-1992,FALSE,Forward,0,0,0,0,,,
Cameroon,Yaounde,23.03,Volker Finke,MBIA,STEPHANE,190,20-05-1986,FALSE,Midfielder,1,0,0,0,,,
Cameroon,Yaounde,23.03,Volker Finke,ETOO,SAMUEL,181,10-03-1981,TRUE,Forward,0,0,0,0,,,
Cameroon,Yaounde,23.03,Volker Finke,NDJOCK,SAMMY,178,25-02-1990,FALSE,Goalkeeper,0,0,0,0,,,
Cameroon,Yaounde,23.03,Volker Finke,WEBO,PIERRE,180,20-01-1982,FALSE,Forward,0,0,0,0,,,
Cameroon,Yaounde,23.03,Volker Finke,NKOULOU,NICOLAS,185,27-03-1990,FALSE,Defender,0,0,0,0,,,
Cameroon,Yaounde,23.03,Volker Finke,FEUDJOU,LOIC,178,14-04-1992,FALSE,Goalkeeper,0,0,0,0,,,
Cameroon,Yaounde,23.03,Volker Finke,NGUEMO,LANDRY,172,28-11-1985,FALSE,Midfielder,0,0,0,0,,,
Cameroon,Yaounde,23.03,Volker Finke,MATIP,JOEL,194,08-08-1991,FALSE,Midfielder,0,0,1,0,,,
Cameroon,Yaounde,23.03,Volker Finke,MAKOUN,JEAN,170,29-05-1983,FALSE,Midfielder,0,0,0,0,,,
Cameroon,Yaounde,23.03,Volker Finke,BEDIMO,HENRI,176,04-06-1984,FALSE,Defender,0,0,0,0,,,
Cameroon,Yaounde,23.03,Volker Finke,OLINGA,FABRICE,177,12-05-1996,FALSE,Forward,0,0,0,0,,,
Cameroon,Yaounde,23.03,Volker Finke,CHOUPO MOTING,ERIC,190,23-03-1989,FALSE,Forward,0,0,0,0,,,
Cameroon,Yaounde,23.03,Volker Finke,EYONG,ENOH,180,23-03-1986,FALSE,Midfielder,1,0,0,0,,,
Cameroon,Yaounde,23.03,Volker Finke,SALLI,EDGAR,163,17-08-1992,FALSE,Midfielder,1,0,0,0,,,
Cameroon,Yaounde,23.03,Volker Finke,NOUNKEU,DANY,183,11-04-1986,FALSE,Defender,1,0,0,0,,,
Cameroon,Yaounde,23.03,Volker Finke,ITANDJE,CHARLES,185,02-11-1982,FALSE,Goalkeeper,0,0,0,0,,,
Cameroon,Yaounde,23.03,Volker Finke,DJEUGOUE,CEDRIC,175,28-08-1992,FALSE,Defender,0,0,0,0,,,
Cameroon,Yaounde,23.03,Volker Finke,ASSOU EKOTTO,BENOIT,178,24-03-1984,FALSE,Defender,0,0,0,0,,,
Cameroon,Yaounde,23.03,Volker Finke,MOUKANDJO,BENJAMIN,178,12-11-1988,FALSE,Forward,0,0,0,0,,,
Cameroon,Yaounde,23.03,Volker Finke,CHEDJOU,AURELIEN,185,20-06-1985,FALSE,Defender,0,0,0,0,,,
Cameroon,Yaounde,23.03,Volker Finke,NYOM,ALLAN,170,10-05-1988,FALSE,Defender,0,0,0,1,,,
Cameroon,Yaounde,23.03,Volker Finke,SONG,ALEXANDRE,183,09-09-1987,FALSE,Midfielder,0,1,0,0,,,
Chile,Santiago,17.62,Jorge Sampaoli,ALBORNOZ,MIIKO,180,30-11-1990,FALSE,Defender,0,0,0,0,,,
Chile,Santiago,17.62,Jorge Sampaoli,PINILLA,MAURICIO,185,04-02-1984,FALSE,Forward,1,0,0,1,,,
Chile,Santiago,17.62,Jorge Sampaoli,ISLA,MAURICIO,177,12-06-1988,FALSE,Defender,0,0,0,0,,,
Chile,Santiago,17.62,Jorge Sampaoli,DIAZ,MARCELO,168,30-12-1986,FALSE,Midfielder,0,0,0,0,,,
Chile,Santiago,17.62,Jorge Sampaoli,ROJAS,JOSE,174,23-06-1983,FALSE,Defender,0,0,0,0,,,
Chile,Santiago,17.62,Jorge Sampaoli,FUENZALIDA,JOSE,170,22-02-1985,FALSE,Midfielder,0,0,0,0,,,
Chile,Santiago,17.62,Jorge Sampaoli,VALDIVIA,JORGE,173,19-10-1983,FALSE,Midfielder,0,0,1,1,,,
Chile,Santiago,17.62,Jorge Sampaoli,HERRERA,JOHNNY,183,09-05-1981,FALSE,Goalkeeper,0,0,0,0,,,
Chile,Santiago,17.62,Jorge Sampaoli,BEAUSEJOUR,JEAN,178,01-06-1984,FALSE,Midfielder,0,0,1,0,,,
Chile,Santiago,17.62,Jorge Sampaoli,JARA,GONZALO,177,29-08-1985,FALSE,Defender,0,0,0,0,,,
Chile,Santiago,17.62,Jorge Sampaoli,MEDEL,GARY,171,03-08-1987,FALSE,Defender,0,0,0,0,,,
Chile,Santiago,17.62,Jorge Sampaoli,SILVA,FRANCISCO,178,11-02-1986,FALSE,Midfielder,2,0,0,0,,,
Chile,Santiago,17.62,Jorge Sampaoli,GUTIERREZ,FELIPE,175,08-10-1990,FALSE,Midfielder,0,0,0,0,,,
Chile,Santiago,17.62,Jorge Sampaoli,ORELLANA,FABIAN,168,27-01-1986,FALSE,Forward,0,0,0,0,,,
Chile,Santiago,17.62,Jorge Sampaoli,MENA,EUGENIO,174,18-07-1988,FALSE,Defender,2,0,0,0,,,
Chile,Santiago,17.62,Jorge Sampaoli,PAREDES,ESTEBAN,179,01-08-1980,FALSE,Forward,0,0,0,0,,,
Chile,Santiago,17.62,Jorge Sampaoli,VARGAS,EDUARDO,175,20-11-1989,FALSE,Forward,0,0,1,1,,,
Chile,Santiago,17.62,Jorge Sampaoli,TOSELLI,CRISTOPHER,181,15-06-1988,FALSE,Goalkeeper,0,0,0,0,,,
Chile,Santiago,17.62,Jorge Sampaoli,BRAVO,CLAUDIO,185,13-04-1983,TRUE,Goalkeeper,0,0,0,0,,,
Chile,Santiago,17.62,Jorge Sampaoli,ARANGUIZ,CHARLES,171,17-04-1989,FALSE,Midfielder,1,0,1,1,,,
Chile,Santiago,17.62,Jorge Sampaoli,CARMONA,CARLOS,179,21-02-1987,FALSE,Midfielder,0,0,0,0,,,
Chile,Santiago,17.62,Jorge Sampaoli,VIDAL,ARTURO,178,22-05-1987,FALSE,Midfielder,1,0,0,0,,,
Chile,Santiago,17.62,Jorge Sampaoli,SANCHEZ,ALEXIS,169,19-12-1988,FALSE,Forward,0,0,2,2,,,
Columbia,Bogota,49.14,Jose Pekerman,IBARBO,VICTOR,188,19-05-1990,FALSE,Forward,0,0,0,0,,,
Columbia,Bogota,49.14,Jose Pekerman,GUTIERREZ,TEOFILO,180,17-05-1985,FALSE,Forward,0,0,1,0,,,
Columbia,Bogota,49.14,Jose Pekerman,ARIAS,SANTIAGO,171,13-01-1992,FALSE,Defender,0,0,0,0,,,
Columbia,Bogota,49.14,Jose Pekerman,ARMERO,PABLO,174,02-11-1986,FALSE,Defender,1,0,1,0,,,
Columbia,Bogota,49.14,Jose Pekerman,YEPES,MARIO,186,13-01-1976,TRUE,Defender,1,0,0,0,,,
Columbia,Bogota,49.14,Jose Pekerman,ZUNIGA,JUAN,171,14-12-1985,FALSE,Defender,0,0,0,0,,,
Columbia,Bogota,49.14,Jose Pekerman,QUINTERO,JUAN,168,18-01-1993,FALSE,Midfielder,0,0,1,0,,,
Columbia,Bogota,49.14,Jose Pekerman,CUADRADO,JUAN,178,26-05-1988,FALSE,Midfielder,0,0,1,3,,,
Columbia,Bogota,49.14,Jose Pekerman,RODRIGUEZ,JAMES,180,12-07-1991,FALSE,Midfielder,1,0,6,2,,,
Columbia,Bogota,49.14,Jose Pekerman,MARTINEZ,JACKSON,186,03-10-1986,FALSE,Forward,0,0,2,0,,,
Columbia,Bogota,49.14,Jose Pekerman,GUARIN,FREDY,187,30-06-1986,FALSE,Midfielder,1,0,0,0,,,
Columbia,Bogota,49.14,Jose Pekerman,MONDRAGON,FARYD,191,21-06-1971,FALSE,Goalkeeper,0,0,0,0,,,
Columbia,Bogota,49.14,Jose Pekerman,BALANTA,EDER,181,28-02-1993,FALSE,Defender,0,0,0,0,,,
Columbia,Bogota,49.14,Jose Pekerman,OSPINA,DAVID,183,31-08-1988,FALSE,Goalkeeper,0,0,0,0,,,
Columbia,Bogota,49.14,Jose Pekerman,ZAPATA,CRISTIAN,187,30-09-1986,FALSE,Defender,0,0,0,0,,,
Columbia,Bogota,49.14,Jose Pekerman,VALDES,CARLOS,189,22-05-1985,FALSE,Defender,0,0,0,0,,,
Columbia,Bogota,49.14,Jose Pekerman,SANCHEZ,CARLOS,182,06-02-1986,FALSE,Midfielder,1,0,0,0,,,
Columbia,Bogota,49.14,Jose Pekerman,BACCA,CARLOS,181,08-09-1986,FALSE,Forward,0,0,0,0,,,
Columbia,Bogota,49.14,Jose Pekerman,VARGAS,CAMILO,185,09-03-1989,FALSE,Goalkeeper,0,0,0,0,,,
Columbia,Bogota,49.14,Jose Pekerman,MEJIA,ALEXANDER,179,11-07-1988,FALSE,Midfielder,0,0,0,0,,,
Columbia,Bogota,49.14,Jose Pekerman,RAMIREZ,ALDO,175,18-04-1981,FALSE,Midfielder,0,0,0,0,,,
Columbia,Bogota,49.14,Jose Pekerman,RAMOS,ADRIAN,184,22-01-1986,FALSE,Forward,0,0,0,1,,,
Columbia,Bogota,49.14,Jose Pekerman,AGUILAR,ABEL,187,06-01-1985,FALSE,Midfielder,0,0,0,2,,,
Costa Rica,San Jose,4.87,Jorge Luis Pinto,TEJEDA,YELTSIN,179,17-03-1992,FALSE,Midfielder,1,0,0,0,,,
Costa Rica,San Jose,4.87,Jorge Luis Pinto,FRANCIS,WAYLON,175,20-09-1990,FALSE,Defender,0,0,0,0,,,
Costa Rica,San Jose,4.87,Jorge Luis Pinto,MILLER,ROY,189,24-11-1984,FALSE,Defender,0,0,0,0,,,
Costa Rica,San Jose,4.87,Jorge Luis Pinto,BRENES,RANDALL,170,13-08-1983,FALSE,Forward,0,0,0,0,,,
Costa Rica,San Jose,4.87,Jorge Luis Pinto,PEMBERTON,PATRICK,178,24-04-1982,FALSE,Goalkeeper,0,0,0,0,,,
Costa Rica,San Jose,4.87,Jorge Luis Pinto,GRANADOS,OSCAR,183,25-10-1985,FALSE,Midfielder,1,0,0,0,,,
Costa Rica,San Jose,4.87,Jorge Luis Pinto,DUARTE,OSCAR,184,03-06-1989,FALSE,Defender,2,1,1,0,,,
Costa Rica,San Jose,4.87,Jorge Luis Pinto,UMANA,MICHAEL,180,16-07-1982,FALSE,Defender,1,0,0,0,,,
Costa Rica,San Jose,4.87,Jorge Luis Pinto,BARRANTES,MICHAEL,177,04-10-1983,FALSE,Midfielder,0,0,0,0,,,
Costa Rica,San Jose,4.87,Jorge Luis Pinto,URENA,MARCOS,179,05-03-1990,FALSE,Forward,0,0,1,0,,,
Costa Rica,San Jose,4.87,Jorge Luis Pinto,NAVAS,KEYLOR,184,15-12-1986,FALSE,Goalkeeper,1,0,0,0,,,
Costa Rica,San Jose,4.87,Jorge Luis Pinto,DIAZ,JUNIOR,185,12-09-1983,FALSE,Defender,1,0,0,1,,,
Costa Rica,San Jose,4.87,Jorge Luis Pinto,CUBERO,JOSE,178,14-02-1987,FALSE,Midfielder,1,0,0,0,,,
Costa Rica,San Jose,4.87,Jorge Luis Pinto,ACOSTA,JOHNNY,175,21-07-1983,FALSE,Defender,0,0,0,0,,,
Costa Rica,San Jose,4.87,Jorge Luis Pinto,CAMPBELL,JOEL,178,26-06-1992,FALSE,Forward,0,0,1,2,,,
Costa Rica,San Jose,4.87,Jorge Luis Pinto,MORA,HEINER,179,20-06-1984,FALSE,Defender,0,0,0,0,,,
Costa Rica,San Jose,4.87,Jorge Luis Pinto,GONZALEZ,GIANCARLO,192,08-02-1988,FALSE,Defender,0,0,0,0,,,
Costa Rica,San Jose,4.87,Jorge Luis Pinto,CALVO,DIEGO,178,25-03-1991,FALSE,Midfielder,0,0,0,0,,,
Costa Rica,San Jose,4.87,Jorge Luis Pinto,CAMBRONERO,DANIEL,181,08-01-1986,FALSE,Goalkeeper,0,0,0,0,,,
Costa Rica,San Jose,4.87,Jorge Luis Pinto,GAMBOA,CRISTIAN,175,24-10-1989,FALSE,Defender,0,0,0,1,,,
Costa Rica,San Jose,4.87,Jorge Luis Pinto,BOLANOS,CHRISTIAN,178,17-05-1984,FALSE,Midfielder,0,0,0,1,,,
Costa Rica,San Jose,4.87,Jorge Luis Pinto,BORGES,CELSO,184,27-05-1988,FALSE,Midfielder,0,0,0,0,,,
Costa Rica,San Jose,4.87,Jorge Luis Pinto,RUIZ,BRYAN,187,18-08-1985,TRUE,Forward,1,0,2,0,,,
Croatia,Zagreb,4.25,Niko Kovac,CORLUKA,VEDRAN,192,05-02-1986,FALSE,Defender,1,0,0,0,,,
Croatia,Zagreb,4.25,Niko Kovac,PLETIKOSA,STIPE,193,08-01-1979,FALSE,Goalkeeper,0,0,0,0,,,
Croatia,Zagreb,4.25,Niko Kovac,VRSALJKO,SIME,183,10-01-1992,FALSE,Defender,0,0,0,0,,,
Croatia,Zagreb,4.25,Niko Kovac,CRUZ CAMPOS,SAMMIR,178,23-04-1987,FALSE,Midfielder,0,0,0,0,,,
Croatia,Zagreb,4.25,Niko Kovac,ZELENIKA,OLIVER,192,14-05-1993,FALSE,Goalkeeper,0,0,0,0,,,
Croatia,Zagreb,4.25,Niko Kovac,VUKOJEVIC,OGNJEN,184,20-12-1983,FALSE,Midfielder,0,0,0,0,,,
Croatia,Zagreb,4.25,Niko Kovac,JELAVIC,NIKICA,187,27-08-1985,FALSE,Forward,0,0,0,1,,,
Croatia,Zagreb,4.25,Niko Kovac,KOVACIC,MATEO,181,06-05-1994,FALSE,Midfielder,0,0,0,0,,,
Croatia,Zagreb,4.25,Niko Kovac,MANDZUKIC,MARIO,188,21-05-1986,FALSE,Forward,0,0,2,0,,,
Croatia,Zagreb,4.25,Niko Kovac,BROZOVIC,MARCELO,180,16-11-1992,FALSE,Midfielder,0,0,0,0,,,
Croatia,Zagreb,4.25,Niko Kovac,MODRIC,LUKA,173,09-09-1985,FALSE,Midfielder,0,0,0,0,,,
Croatia,Zagreb,4.25,Niko Kovac,OLIC,IVICA,183,14-09-1979,FALSE,Forward,0,0,1,0,,,
Croatia,Zagreb,4.25,Niko Kovac,RAKITIC,IVAN,184,10-03-1988,FALSE,Midfielder,1,0,0,1,,,
Croatia,Zagreb,4.25,Niko Kovac,PERISIC,IVAN,187,02-02-1989,FALSE,Midfielder,0,0,2,1,,,
Croatia,Zagreb,4.25,Niko Kovac,MOCINIC,IVAN,180,30-04-1993,FALSE,Midfielder,0,0,0,0,,,
Croatia,Zagreb,4.25,Niko Kovac,SCHILDENFELD,GORDON,191,18-03-1985,FALSE,Defender,0,0,0,0,,,
Croatia,Zagreb,4.25,Niko Kovac,DA SILVA,EDUARDO,177,25-02-1983,FALSE,Forward,1,0,0,1,,,
Croatia,Zagreb,4.25,Niko Kovac,VIDA,DOMAGOJ,184,29-04-1989,FALSE,Defender,0,0,0,0,,,
Croatia,Zagreb,4.25,Niko Kovac,LOVREN,DEJAN,188,05-07-1989,FALSE,Defender,1,0,0,0,,,
Croatia,Zagreb,4.25,Niko Kovac,SRNA,DARIJO,182,01-05-1982,TRUE,Defender,0,0,0,0,,,
Croatia,Zagreb,4.25,Niko Kovac,SUBASIC,DANIJEL,191,27-10-1984,FALSE,Goalkeeper,0,0,0,0,,,
Croatia,Zagreb,4.25,Niko Kovac,PRANJIC,DANIJEL,172,02-12-1981,FALSE,Defender,0,0,0,1,,,
Croatia,Zagreb,4.25,Niko Kovac,REBIC,ANTE,185,21-09-1993,FALSE,Forward,0,1,0,0,,,
Ecuador,Quito,15.98,Reinaldo Rueda,AYOVI,WALTER,173,11-08-1979,FALSE,Midfielder,0,0,0,2,,,
Ecuador,Quito,15.98,Reinaldo Rueda,CASTILLO,SEGUNDO,180,15-05-1982,FALSE,Midfielder,0,0,0,0,,,
Ecuador,Quito,15.98,Reinaldo Rueda,BAGUI,OSCAR,170,10-12-1982,FALSE,Defender,0,0,0,0,,,
Ecuador,Quito,15.98,Reinaldo Rueda,ARROYO,MICHAEL,178,23-04-1987,FALSE,Midfielder,0,0,0,0,,,
Ecuador,Quito,15.98,Reinaldo Rueda,BANGUERA,MAXIMO,187,16-12-1985,FALSE,Goalkeeper,0,0,0,0,,,
Ecuador,Quito,15.98,Reinaldo Rueda,SARITAMA,LUIS,175,20-10-1983,FALSE,Midfielder,0,0,0,0,,,
Ecuador,Quito,15.98,Reinaldo Rueda,PAREDES,JUAN,179,08-07-1987,FALSE,Defender,1,0,0,1,,,
Ecuador,Quito,15.98,Reinaldo Rueda,GUAGUA,JORGE,179,28-09-1981,FALSE,Defender,0,0,0,0,,,
Ecuador,Quito,15.98,Reinaldo Rueda,ROJAS,JOAO,173,14-06-1989,FALSE,Forward,0,0,0,0,,,
Ecuador,Quito,15.98,Reinaldo Rueda,MONTERO,JEFFERSON,170,01-09-1989,FALSE,Midfielder,1,0,0,0,,,
Ecuador,Quito,15.98,Reinaldo Rueda,AYOVI,JAIMEN,186,21-02-1988,FALSE,Forward,0,0,0,0,,,
Ecuador,Quito,15.98,Reinaldo Rueda,ACHILIER,GABRIEL,183,24-03-1985,FALSE,Defender,0,0,0,0,,,
Ecuador,Quito,15.98,Reinaldo Rueda,ERAZO,FRICKSON,189,05-05-1988,FALSE,Defender,1,0,0,0,,,
Ecuador,Quito,15.98,Reinaldo Rueda,MARTINEZ,FIDEL,176,15-02-1990,FALSE,Midfielder,0,0,0,0,,,
Ecuador,Quito,15.98,Reinaldo Rueda,CAICEDO,FELIPE,183,05-09-1988,FALSE,Forward,0,0,0,0,,,
Ecuador,Quito,15.98,Reinaldo Rueda,VALENCIA,ENNER,179,04-11-1989,FALSE,Forward,1,0,3,0,,,
Ecuador,Quito,15.98,Reinaldo Rueda,MENDEZ,EDISON,175,16-03-1979,FALSE,Midfielder,0,0,0,0,,,
Ecuador,Quito,15.98,Reinaldo Rueda,NOBOA,CRISTHIAN,181,09-04-1985,FALSE,Midfielder,0,0,0,0,,,
Ecuador,Quito,15.98,Reinaldo Rueda,GRUEZO,CARLOS,171,19-04-1995,FALSE,Midfielder,0,0,0,0,,,
Ecuador,Quito,15.98,Reinaldo Rueda,VALENCIA,ANTONIO,180,04-08-1985,TRUE,Midfielder,1,1,0,0,,,
Ecuador,Quito,15.98,Reinaldo Rueda,DOMINGUEZ,ALEXANDER,196,05-06-1987,FALSE,Goalkeeper,0,0,0,0,,,
Ecuador,Quito,15.98,Reinaldo Rueda,IBARRA,ALEX,171,20-01-1991,FALSE,Midfielder,0,0,0,0,,,
Ecuador,Quito,15.98,Reinaldo Rueda,BONE,ADRIAN,188,08-09-1988,FALSE,Goalkeeper,0,0,0,0,,,
England,London,53.5,Roy Hodgson,ROONEY,WAYNE,176,24-10-1985,FALSE,Forward,0,0,1,1,,,
England,London,53.5,Roy Hodgson,GERRARD,STEVEN,185,30-05-1980,TRUE,Midfielder,1,0,0,0,,,
England,London,53.5,Roy Hodgson,BARKLEY,ROSS,185,05-12-1993,FALSE,Midfielder,1,0,0,0,,,
England,London,53.5,Roy Hodgson,LAMBERT,RICKIE,188,16-02-1982,FALSE,Forward,0,0,0,0,,,
England,London,53.5,Roy Hodgson,STERLING,RAHEEM,170,08-12-1994,FALSE,Midfielder,1,0,0,0,,,
England,London,53.5,Roy Hodgson,JONES,PHIL,185,21-02-1992,FALSE,Defender,0,0,0,0,,,
England,London,53.5,Roy Hodgson,JAGIELKA,PHIL,183,17-08-1982,FALSE,Defender,0,0,0,0,,,
England,London,53.5,Roy Hodgson,SHAW,LUKE,184,12-07-1995,FALSE,Defender,0,0,0,0,,,
England,London,53.5,Roy Hodgson,BAINES,LEIGHTON,172,11-12-1984,FALSE,Defender,0,0,0,0,,,
England,London,53.5,Roy Hodgson,HENDERSON,JORDAN,187,17-06-1990,FALSE,Midfielder,0,0,0,0,,,
England,London,53.5,Roy Hodgson,HART,JOE,191,19-04-1987,FALSE,Goalkeeper,0,0,0,0,,,
England,London,53.5,Roy Hodgson,MILNER,JAMES,175,04-01-1986,FALSE,Midfielder,0,0,0,0,,,
England,London,53.5,Roy Hodgson,WILSHERE,JACK,172,01-01-1992,FALSE,Midfielder,0,0,0,0,,,
England,London,53.5,Roy Hodgson,JOHNSON,GLEN,180,23-08-1984,FALSE,Defender,0,0,0,1,,,
England,London,53.5,Roy Hodgson,CAHILL,GARY,191,19-12-1985,FALSE,Defender,0,0,0,0,,,
England,London,53.5,Roy Hodgson,FORSTER,FRASER,201,17-03-1988,FALSE,Goalkeeper,0,0,0,0,,,
England,London,53.5,Roy Hodgson,LAMPARD,FRANK,181,20-06-1978,FALSE,Midfielder,0,0,0,0,,,
England,London,53.5,Roy Hodgson,WELBECK,DANNY,184,26-11-1990,FALSE,Forward,0,0,0,0,,,
England,London,53.5,Roy Hodgson,STURRIDGE,DANIEL,179,01-09-1989,FALSE,Forward,0,0,1,0,,,
England,London,53.5,Roy Hodgson,SMALLING,CHRIS,194,22-11-1989,FALSE,Defender,0,0,0,0,,,
England,London,53.5,Roy Hodgson,FOSTER,BEN,193,03-04-1983,FALSE,Goalkeeper,0,0,0,0,,,
England,London,53.5,Roy Hodgson,OXLADE CHAMBERLAIN,ALEX,180,15-08-1993,FALSE,Midfielder,0,0,0,0,,,
England,London,53.5,Roy Hodgson,LALLANA,ADAM,179,10-05-1988,FALSE,Midfielder,1,0,0,0,,,
France,Paris,64.6,Didier Deschamps,CABAYE,YOHAN,175,14-01-1986,FALSE,Midfielder,2,0,0,0,,,
France,Paris,64.6,Didier Deschamps,RUFFIER,STEPHANE,188,27-09-1986,FALSE,Goalkeeper,0,0,0,0,,,
France,Paris,64.6,Didier Deschamps,MAVUBA,RIO,172,08-03-1984,FALSE,Midfielder,0,0,0,0,,,
France,Paris,64.6,Didier Deschamps,VARANE,RAPHAEL,191,25-04-1993,FALSE,Defender,0,0,0,0,,,
France,Paris,64.6,Didier Deschamps,POGBA,PAUL,192,15-03-1993,FALSE,Midfielder,1,0,1,1,,,
France,Paris,64.6,Didier Deschamps,EVRA,PATRICE,171,15-05-1981,FALSE,Defender,1,0,0,0,,,
France,Paris,64.6,Didier Deschamps,GIROUD,OLIVIER,192,30-09-1986,FALSE,Forward,0,0,1,1,,,
France,Paris,64.6,Didier Deschamps,SISSOKO,MOUSSA,187,16-08-1989,FALSE,Midfielder,0,0,1,0,,,
France,Paris,64.6,Didier Deschamps,LANDREAU,MICKAEL,184,14-05-1979,FALSE,Goalkeeper,0,0,0,0,,,
France,Paris,64.6,Didier Deschamps,VALBUENA,MATHIEU,167,28-09-1984,FALSE,Midfielder,0,0,1,2,,,
France,Paris,64.6,Didier Deschamps,DEBUCHY,MATHIEU,178,28-07-1985,FALSE,Defender,0,0,0,1,,,
France,Paris,64.6,Didier Deschamps,SAKHO,MAMADOU,186,13-02-1990,FALSE,Defender,0,0,0,0,,,
France,Paris,64.6,Didier Deschamps,DIGNE,LUCAS,179,20-07-1993,FALSE,Defender,0,0,0,0,,,
France,Paris,64.6,Didier Deschamps,REMY,LOIC,185,02-01-1987,FALSE,Forward,0,0,0,0,,,
France,Paris,64.6,Didier Deschamps,KOSCIELNY,LAURENT,185,10-09-1985,FALSE,Defender,0,0,0,0,,,
France,Paris,64.6,Didier Deschamps,BENZEMA,KARIM,185,19-12-1987,FALSE,Forward,0,0,3,3,,,
France,Paris,64.6,Didier Deschamps,LLORIS,HUGO,188,26-12-1986,TRUE,Goalkeeper,0,0,0,0,,,
France,Paris,64.6,Didier Deschamps,RIBERY,FRANCK,175,07-04-1983,FALSE,Forward,0,0,0,0,,,
France,Paris,64.6,Didier Deschamps,MANGALA,ELIAQUIM,188,13-02-1991,FALSE,Defender,0,0,0,0,,,
France,Paris,64.6,Didier Deschamps,GRENIER,CLEMENT,186,07-01-1991,FALSE,Midfielder,0,0,0,0,,,
France,Paris,64.6,Didier Deschamps,MATUIDI,BLAISE,175,09-04-1987,FALSE,Midfielder,1,0,1,0,,,
France,Paris,64.6,Didier Deschamps,SAGNA,BACARY,175,14-02-1983,FALSE,Defender,0,0,0,0,,,
France,Paris,64.6,Didier Deschamps,GRIEZMANN,ANTOINE,175,21-03-1991,FALSE,Forward,0,0,0,0,,,
Germany,Berlin,82.6,Joachim Low,KROOS,TONI,182,04-01-1990,FALSE,Midfielder,0,0,2,4,,,
Germany,Berlin,82.6,Joachim Low,MUELLER,THOMAS,186,13-09-1989,FALSE,Forward,0,0,5,2,,,
Germany,Berlin,82.6,Joachim Low,KHEDIRA,SAMI,189,04-04-1987,FALSE,Midfielder,1,0,1,1,,,
Germany,Berlin,82.6,Joachim Low,ZIELER,RON-ROBERT,187,12-02-1989,FALSE,Goalkeeper,0,0,0,0,,,
Germany,Berlin,82.6,Joachim Low,WEIDENFELLER,ROMAN,188,06-08-1980,FALSE,Goalkeeper,0,0,0,0,,,
Germany,Berlin,82.6,Joachim Low,LAHM,PHILIPP,170,11-11-1983,TRUE,Midfielder,1,0,0,2,,,
Germany,Berlin,82.6,Joachim Low,MERTESACKER,PER,198,29-09-1984,FALSE,Defender,0,0,0,0,,,
Germany,Berlin,82.6,Joachim Low,KLOSE,MIROSLAV,182,09-06-1978,FALSE,Forward,0,0,2,0,,,
Germany,Berlin,82.6,Joachim Low,OEZIL,MESUT,180,15-10-1988,FALSE,Midfielder,0,0,1,2,,,
Germany,Berlin,82.6,Joachim Low,GINTER,MATTHIAS,187,19-01-1994,FALSE,Defender,0,0,0,0,,,
Germany,Berlin,82.6,Joachim Low,HUMMELS,MATS,192,16-12-1988,FALSE,Defender,0,0,2,0,,,
Germany,Berlin,82.6,Joachim Low,GOETZE,MARIO,176,03-06-1992,FALSE,Forward,0,0,2,0,,,
Germany,Berlin,82.6,Joachim Low,REUS,MARCO,180,31-05-1989,FALSE,Forward,0,0,0,0,,,
Germany,Berlin,82.6,Joachim Low,NEUER,MANUEL,193,27-03-1986,FALSE,Goalkeeper,0,0,0,0,,,
Germany,Berlin,82.6,Joachim Low,PODOLSKI,LUKAS,180,04-06-1985,FALSE,Forward,0,0,0,0,,,
Germany,Berlin,82.6,Joachim Low,GROSSKREUTZ,KEVIN,186,19-07-1988,FALSE,Defender,0,0,0,0,,,
Germany,Berlin,82.6,Joachim Low,DRAXLER,JULIAN,185,20-09-1993,FALSE,Midfielder,0,0,0,0,,,
Germany,Berlin,82.6,Joachim Low,BOATENG,JEROME,192,03-09-1988,FALSE,Defender,0,0,0,0,,,
Germany,Berlin,82.6,Joachim Low,DURM,ERIK,183,12-05-1992,FALSE,Defender,0,0,0,0,,,
Germany,Berlin,82.6,Joachim Low,KRAMER,CHRISTOPH,189,19-02-1991,FALSE,Midfielder,0,0,0,0,,,
Germany,Berlin,82.6,Joachim Low,HOEWEDES,BENEDIKT,187,29-02-1988,FALSE,Defender,2,0,0,1,,,
Germany,Berlin,82.6,Joachim Low,SCHWEINSTEIGER,BASTIAN,183,01-08-1984,FALSE,Midfielder,2,0,0,0,,,
Germany,Berlin,82.6,Joachim Low,SCHUERRLE,ANDRE,184,06-11-1990,FALSE,Forward,1,0,3,3,,,
Ghana,Accra,25.9,James Kwesi Appiah,MUNTARI,SULLEY,179,27-08-1984,FALSE,Midfielder,2,0,0,1,,,
Ghana,Accra,25.9,James Kwesi Appiah,ADAMS,STEPHEN,177,28-09-1989,FALSE,Goalkeeper,0,0,0,0,,,
Ghana,Accra,25.9,James Kwesi Appiah,INKOOM,SAMUEL,179,01-06-1989,FALSE,Defender,0,0,0,0,,,
Ghana,Accra,25.9,James Kwesi Appiah,SUMAILA,RASHID,160,18-12-1992,FALSE,Defender,0,0,0,0,,,
Ghana,Accra,25.9,James Kwesi Appiah,WAKASO,MUBARAK,171,25-07-1990,FALSE,Midfielder,0,0,0,0,,,
Ghana,Accra,25.9,James Kwesi Appiah,RABIU,MOHAMMED,189,31-12-1989,FALSE,Midfielder,1,0,0,0,,,
Ghana,Accra,25.9,James Kwesi Appiah,ESSIEN,MICHAEL,180,03-12-1982,FALSE,Midfielder,0,0,0,0,,,
Ghana,Accra,25.9,James Kwesi Appiah,WARIS,MAJEED,172,19-09-1991,FALSE,Forward,1,0,0,0,,,
Ghana,Accra,25.9,James Kwesi Appiah,ASAMOAH,KWADWO,168,09-12-1988,FALSE,Midfielder,0,0,0,1,,,
Ghana,Accra,25.9,James Kwesi Appiah,PRINCE BOATENG,KEVIN,182,06-03-1987,FALSE,Forward,0,0,0,0,,,
Ghana,Accra,25.9,James Kwesi Appiah,AYEW,JORDAN,160,11-09-1991,FALSE,Forward,1,0,0,0,,,
Ghana,Accra,25.9,James Kwesi Appiah,MENSAH,JONATHAN,182,13-07-1990,FALSE,Defender,0,0,0,0,,,
Ghana,Accra,25.9,James Kwesi Appiah,BOYE,JOHN,160,23-04-1987,FALSE,Defender,0,0,0,1,,,
Ghana,Accra,25.9,James Kwesi Appiah,AFFUL,HARRISON,168,24-07-1986,FALSE,Defender,1,0,0,0,,,
Ghana,Accra,25.9,James Kwesi Appiah,DAUDA,FATAWU,180,06-04-1985,FALSE,Goalkeeper,0,0,0,0,,,
Ghana,Accra,25.9,James Kwesi Appiah,AGYEMANG BADU,EMMANUEL,173,02-12-1990,FALSE,Midfielder,0,0,0,0,,,
Ghana,Accra,25.9,James Kwesi Appiah,OPARE,DANIEL,172,18-10-1990,FALSE,Defender,0,0,0,0,,,
Ghana,Accra,25.9,James Kwesi Appiah,ATSU,CHRISTIAN,165,10-01-1992,FALSE,Midfielder,0,0,0,0,,,
Ghana,Accra,25.9,James Kwesi Appiah,GYAN,ASAMOAH,186,22-11-1985,TRUE,Forward,0,0,2,1,,,
Ghana,Accra,25.9,James Kwesi Appiah,AYEW,ANDRE,175,17-12-1989,FALSE,Midfielder,0,0,2,0,,,
Ghana,Accra,25.9,James Kwesi Appiah,ADOMAH,ALBERT,162,13-12-1987,FALSE,Midfielder,0,0,0,0,,,
Ghana,Accra,25.9,James Kwesi Appiah,KWARASEY,ADAM,190,12-12-1987,FALSE,Goalkeeper,0,0,0,0,,,
Ghana,Accra,25.9,James Kwesi Appiah,AFRIYIE,ACQUAH,162,01-05-1992,FALSE,Midfielder,0,0,0,0,,,
Greece,Athens,11.2,Fernando Santos,TOROSIDIS,VASILEIOS,185,10-06-1985,FALSE,Defender,1,0,0,0,,,
Greece,Athens,11.2,Fernando Santos,MORAS,VANGELIS,193,26-08-1981,FALSE,Defender,0,0,0,0,,,
Greece,Athens,11.2,Fernando Santos,GEKAS,THEOFANIS,179,23-05-1980,FALSE,Forward,0,0,0,1,,,
Greece,Athens,11.2,Fernando Santos,KAPINO,STEFANOS,196,18-03-1994,FALSE,Goalkeeper,0,0,0,0,,,
Greece,Athens,11.2,Fernando Santos,PAPASTATHOPOULOS,SOKRATIS,186,09-06-1988,FALSE,Defender,1,0,1,0,,,
Greece,Athens,11.2,Fernando Santos,TACHTSIDIS,PANAGIOTIS,194,15-02-1991,FALSE,Midfielder,0,0,0,0,,,
Greece,Athens,11.2,Fernando Santos,KONE,PANAGIOTIS,184,26-07-1987,FALSE,Midfielder,0,0,0,0,,,
Greece,Athens,11.2,Fernando Santos,GLYKOS,PANAGIOTIS,190,10-10-1986,FALSE,Goalkeeper,0,0,0,0,,,
Greece,Athens,11.2,Fernando Santos,KARNEZIS,ORESTIS,189,11-07-1985,FALSE,Goalkeeper,0,0,0,0,,,
Greece,Athens,11.2,Fernando Santos,VYNTRA,LOUKAS,184,05-02-1981,FALSE,Defender,0,0,0,0,,,
Greece,Athens,11.2,Fernando Santos,CHRISTODOULOPOULOS,LAZAROS,182,19-12-1986,FALSE,Midfielder,0,0,0,0,,,
Greece,Athens,11.2,Fernando Santos,MITROGLOU,KONSTANTINOS,188,12-03-1988,FALSE,Forward,0,0,0,0,,,
Greece,Athens,11.2,Fernando Santos,MANOLAS,KONSTANTINOS,186,14-06-1991,FALSE,Defender,1,0,0,0,,,
Greece,Athens,11.2,Fernando Santos,KATSOURANIS,KONSTANTINOS,183,21-06-1979,FALSE,Midfielder,3,1,0,0,,,
Greece,Athens,11.2,Fernando Santos,CHOLEVAS,JOSE,184,27-06-1984,FALSE,Defender,0,0,0,0,,,
Greece,Athens,11.2,Fernando Santos,MANIATIS,IOANNIS,178,12-10-1986,FALSE,Midfielder,0,0,0,0,,,
Greece,Athens,11.2,Fernando Santos,FETFATZIDIS,IOANNIS,164,21-12-1990,FALSE,Forward,0,0,0,0,,,
Greece,Athens,11.2,Fernando Santos,TZAVELAS,GEORGIOS,183,26-11-1987,FALSE,Defender,0,0,0,0,,,
Greece,Athens,11.2,Fernando Santos,SAMARAS,GEORGIOS,192,21-02-1985,FALSE,Forward,1,0,1,1,,,
Greece,Athens,11.2,Fernando Santos,KARAGOUNIS,GEORGIOS,176,06-03-1977,TRUE,Midfielder,0,0,0,0,,,
Greece,Athens,11.2,Fernando Santos,SALPINGIDIS,DIMITRIOS,171,18-08-1981,FALSE,Forward,1,0,0,0,,,
Greece,Athens,11.2,Fernando Santos,SAMARIS,ANDREAS,190,13-06-1989,FALSE,Midfielder,1,0,1,0,,,
Greece,Athens,11.2,Fernando Santos,TZIOLIS,ALEXANDROS,190,13-02-1985,FALSE,Midfielder,0,0,0,0,,,
Honduras,Tegucigalpa,8.09,Luis Fernando Suarez,PALACIOS,WILSON,181,29-07-1984,FALSE,Midfielder,2,1,0,0,,,
Honduras,Tegucigalpa,8.09,Luis Fernando Suarez,BERNARDEZ,VICTOR,187,24-05-1982,FALSE,Defender,1,0,0,0,,,
Honduras,Tegucigalpa,8.09,Luis Fernando Suarez,MARTINEZ,RONY,171,16-10-1987,FALSE,Forward,0,0,0,0,,,
Honduras,Tegucigalpa,8.09,Luis Fernando Suarez,ESPINOZA,ROGER,180,25-10-1986,FALSE,Midfielder,0,0,0,0,,,
Honduras,Tegucigalpa,8.09,Luis Fernando Suarez,CHAVEZ,OSMAN,187,29-07-1984,FALSE,Defender,0,0,0,0,,,
Honduras,Tegucigalpa,8.09,Luis Fernando Suarez,VALLADARES,NOEL,178,03-05-1977,TRUE,Goalkeeper,0,0,0,0,,,
Honduras,Tegucigalpa,8.09,Luis Fernando Suarez,FIGUEROA,MAYNOR,184,02-05-1983,FALSE,Defender,1,0,0,0,,,
Honduras,Tegucigalpa,8.09,Luis Fernando Suarez,CHAVEZ,MARVIN,156,03-11-1983,FALSE,Midfielder,0,0,0,0,,,
Honduras,Tegucigalpa,8.09,Luis Fernando Suarez,MARTINEZ,MARIO,173,30-07-1989,FALSE,Midfielder,0,0,0,0,,,
Honduras,Tegucigalpa,8.09,Luis Fernando Suarez,LOPEZ,LUIS,182,13-09-1993,FALSE,Goalkeeper,0,0,0,0,,,
Honduras,Tegucigalpa,8.09,Luis Fernando Suarez,GARRIDO,LUIS,170,05-11-1990,FALSE,Midfielder,0,0,0,0,,,
Honduras,Tegucigalpa,8.09,Luis Fernando Suarez,MONTES,JUAN,196,26-12-1985,FALSE,Defender,0,0,0,0,,,
Honduras,Tegucigalpa,8.09,Luis Fernando Suarez,CARLOS GARCIA,JUAN,175,08-03-1988,FALSE,Defender,0,0,0,0,,,
Honduras,Tegucigalpa,8.09,Luis Fernando Suarez,CLAROS,JORGE,176,08-01-1986,FALSE,Midfielder,0,0,0,0,,,
Honduras,Tegucigalpa,8.09,Luis Fernando Suarez,PALACIOS,JERRY,181,13-05-1982,FALSE,Midfielder,1,0,0,0,,,
Honduras,Tegucigalpa,8.09,Luis Fernando Suarez,BENGTSON,JERRY,187,08-04-1987,FALSE,Forward,1,0,0,0,,,
Honduras,Tegucigalpa,8.09,Luis Fernando Suarez,IZAGUIRRE,EMILIO,177,10-05-1986,FALSE,Midfielder,0,0,0,0,,,
Honduras,Tegucigalpa,8.09,Luis Fernando Suarez,DELGADO,EDDER,179,20-11-1986,FALSE,Midfielder,0,0,0,0,,,
Honduras,Tegucigalpa,8.09,Luis Fernando Suarez,ESCOBER,DONIS,180,03-02-1981,FALSE,Goalkeeper,0,0,0,0,,,
Honduras,Tegucigalpa,8.09,Luis Fernando Suarez,COSTLY,CARLO,190,18-07-1982,FALSE,Forward,0,0,1,0,,,
Honduras,Tegucigalpa,8.09,Luis Fernando Suarez,BECKELES,BRAYAN,186,28-11-1985,FALSE,Defender,0,0,0,1,,,
Honduras,Tegucigalpa,8.09,Luis Fernando Suarez,GARCIA,BONIEK,176,04-09-1984,FALSE,Midfielder,1,0,0,0,,,
Honduras,Tegucigalpa,8.09,Luis Fernando Suarez,NAJAR,ANDY,170,16-03-1993,FALSE,Midfielder,0,0,0,0,,,
Iran,Tehran,77.97,Carlos Queiroz,BEITASHOUR,STEVEN,178,01-02-1987,FALSE,Defender,0,0,0,0,,,
Iran,Tehran,77.97,Carlos Queiroz,HAGHIGHI,REZA,190,01-02-1989,FALSE,Midfielder,0,0,0,0,,,
Iran,Tehran,77.97,Carlos Queiroz,GHOOCHANNEJAD,REZA,181,20-09-1987,FALSE,Forward,0,0,1,0,,,
Iran,Tehran,77.97,Carlos Queiroz,AHMADI,RAHMAN,182,30-07-1980,FALSE,Goalkeeper,0,0,0,0,,,
Iran,Tehran,77.97,Carlos Queiroz,MONTAZERI,PEJMAN,186,06-09-1983,FALSE,Defender,0,0,0,0,,,
Iran,Tehran,77.97,Carlos Queiroz,POOLADI,MEHRDAD,180,26-02-1987,FALSE,Defender,0,0,0,0,,,
Iran,Tehran,77.97,Carlos Queiroz,SHOJAEI,MASOUD,185,09-06-1984,FALSE,Forward,1,0,0,0,,,
Iran,Tehran,77.97,Carlos Queiroz,HEYDARI,KHOSRO,175,14-09-1983,FALSE,Forward,0,0,0,0,,,
Iran,Tehran,77.97,Carlos Queiroz,ANSARI FARD,KARIM,185,03-04-1990,FALSE,Forward,1,0,0,0,,,
Iran,Tehran,77.97,Carlos Queiroz,NEKOUNAM,JAVAD,188,07-09-1980,TRUE,Midfielder,1,0,0,1,,,
Iran,Tehran,77.97,Carlos Queiroz,HOSSEINI,JALAL,185,03-02-1982,FALSE,Defender,0,0,0,0,,,
Iran,Tehran,77.97,Carlos Queiroz,MAHINI,HOSSEIN,182,16-09-1986,FALSE,Defender,0,0,0,0,,,
Iran,Tehran,77.97,Carlos Queiroz,BEIKZADEH,HASHEM,180,22-01-1984,FALSE,Midfielder,0,0,0,0,,,
Iran,Tehran,77.97,Carlos Queiroz,HADADIFAR,GHASEM,178,12-07-1983,FALSE,Midfielder,0,0,0,0,,,
Iran,Tehran,77.97,Carlos Queiroz,HAJI SAFI,EHSAN,177,25-02-1990,FALSE,Midfielder,0,0,0,0,,,
Iran,Tehran,77.97,Carlos Queiroz,DAVARI,DANIEL,193,06-01-1988,FALSE,Goalkeeper,0,0,0,0,,,
Iran,Tehran,77.97,Carlos Queiroz,RAHMANI,BAKHTIAR,179,23-09-1991,FALSE,Midfielder,0,0,0,0,,,
Iran,Tehran,77.97,Carlos Queiroz,DEJAGAH,ASHKAN,182,05-07-1986,FALSE,Forward,0,0,0,0,,,
Iran,Tehran,77.97,Carlos Queiroz,TIMOTIAN,ANDRANIK,178,06-03-1983,FALSE,Midfielder,1,0,0,0,,,
Iran,Tehran,77.97,Carlos Queiroz,SADEGHI,AMIRHOSSEIN,185,06-09-1981,FALSE,Defender,0,0,0,0,,,
Iran,Tehran,77.97,Carlos Queiroz,JAHAN BAKHSH,ALIREZA,181,11-08-1993,FALSE,Forward,0,0,0,0,,,
Iran,Tehran,77.97,Carlos Queiroz,HAGHIGHI,ALIREZA,193,02-05-1988,FALSE,Goalkeeper,0,0,0,0,,,
Iran,Tehran,77.97,Carlos Queiroz,ALNAMEH,AHMAD,189,20-10-1982,FALSE,Defender,0,0,0,0,,,
Italy,Rome,61.07,Cesare Prandelli,MOTTA,THIAGO,187,28-08-1982,FALSE,Midfielder,0,0,0,0,,,
Italy,Rome,61.07,Cesare Prandelli,SIRIGU,SALVATORE,190,12-01-1987,FALSE,Goalkeeper,0,0,0,0,,,
Italy,Rome,61.07,Cesare Prandelli,PERIN,MATTIA,188,10-11-1992,FALSE,Goalkeeper,0,0,0,0,,,
Italy,Rome,61.07,Cesare Prandelli,DE SCIGLIO,MATTIA,179,20-10-1992,FALSE,Defender,1,0,0,0,,,
Italy,Rome,61.07,Cesare Prandelli,DARMIAN,MATTEO,182,02-12-1989,FALSE,Defender,0,0,0,0,,,
Italy,Rome,61.07,Cesare Prandelli,BALOTELLI,MARIO,189,12-08-1990,FALSE,Forward,2,0,1,0,,,
Italy,Rome,61.07,Cesare Prandelli,VERRATTI,MARCO,168,05-11-1992,FALSE,Midfielder,0,0,0,0,,,
Italy,Rome,61.07,Cesare Prandelli,PAROLO,MARCO,186,25-01-1985,FALSE,Midfielder,0,0,0,0,,,
Italy,Rome,61.07,Cesare Prandelli,INSIGNE,LORENZO,163,04-06-1991,FALSE,Forward,0,0,0,0,,,
Italy,Rome,61.07,Cesare Prandelli,BONUCCI,LEONARDO,190,01-05-1987,FALSE,Defender,0,0,0,0,,,
Italy,Rome,61.07,Cesare Prandelli,ABATE,IGNAZIO,180,12-11-1986,FALSE,Defender,0,0,0,0,,,
Italy,Rome,61.07,Cesare Prandelli,CHIELLINI,GIORGIO,192,14-08-1984,FALSE,Defender,0,0,0,0,,,
Italy,Rome,61.07,Cesare Prandelli,BUFFON,GIANLUIGI,190,28-01-1978,TRUE,Goalkeeper,0,0,0,0,,,
Italy,Rome,61.07,Cesare Prandelli,PALETTA,GABRIEL,187,15-02-1986,FALSE,Defender,0,0,0,0,,,
Italy,Rome,61.07,Cesare Prandelli,DE ROSSI,DANIELE,182,24-07-1983,FALSE,Midfielder,0,0,0,0,,,
Italy,Rome,61.07,Cesare Prandelli,MARCHISIO,CLAUDIO,179,19-01-1986,FALSE,Midfielder,0,1,1,0,,,
Italy,Rome,61.07,Cesare Prandelli,IMMOBILE,CIRO,184,20-02-1990,FALSE,Forward,0,0,0,0,,,
Italy,Rome,61.07,Cesare Prandelli,CASSANO,ANTONIO,175,12-07-1982,FALSE,Forward,0,0,0,0,,,
Italy,Rome,61.07,Cesare Prandelli,CANDREVA,ANTONIO,180,28-02-1987,FALSE,Midfielder,0,0,0,1,,,
Italy,Rome,61.07,Cesare Prandelli,PIRLO,ANDREA,177,19-05-1979,FALSE,Midfielder,0,0,0,1,,,
Italy,Rome,61.07,Cesare Prandelli,BARZAGLI,ANDREA,186,08-05-1981,FALSE,Defender,0,0,0,0,,,
Italy,Rome,61.07,Cesare Prandelli,CERCI,ALESSIO,177,23-07-1987,FALSE,Forward,0,0,0,0,,,
Italy,Rome,61.07,Cesare Prandelli,AQUILANI,ALBERTO,184,07-07-1984,FALSE,Midfielder,0,0,0,0,,,
Ivory Coast,Yamoussoukro,20.32,Sabri Lamouchi,TOURE,YAYA,189,13-05-1983,FALSE,Midfielder,0,0,0,0,,,
Ivory Coast,Yamoussoukro,20.32,Sabri Lamouchi,BONY,WILFRIED,182,10-12-1988,FALSE,Forward,0,0,2,0,,,
Ivory Coast,Yamoussoukro,20.32,Sabri Lamouchi,GBOHOUO,SYLVAIN,190,29-10-1988,FALSE,Goalkeeper,0,0,0,0,,,
Ivory Coast,Yamoussoukro,20.32,Sabri Lamouchi,BAMBA,SOULEYMANE,190,13-01-1985,FALSE,Defender,1,0,0,0,,,
Ivory Coast,Yamoussoukro,20.32,Sabri Lamouchi,AURIER,SERGE,176,24-12-1992,FALSE,Defender,0,0,0,2,,,
Ivory Coast,Yamoussoukro,20.32,Sabri Lamouchi,MANDE,SAYOUBA,193,15-06-1993,FALSE,Goalkeeper,0,0,0,0,,,
Ivory Coast,Yamoussoukro,20.32,Sabri Lamouchi,KALOU,SALOMON,175,05-08-1985,FALSE,Forward,1,0,0,0,,,
Ivory Coast,Yamoussoukro,20.32,Sabri Lamouchi,DIARRASSOUBA,OUSMANE,186,21-12-1986,FALSE,Defender,0,0,0,0,,,
Ivory Coast,Yamoussoukro,20.32,Sabri Lamouchi,GRADEL,MAX,177,30-11-1987,FALSE,Midfielder,0,0,0,0,,,
Ivory Coast,Yamoussoukro,20.32,Sabri Lamouchi,BOLLY,MATHIS,185,14-11-1990,FALSE,Midfielder,0,0,0,0,,,
Ivory Coast,Yamoussoukro,20.32,Sabri Lamouchi,YA,KONAN,174,22-05-1984,FALSE,Midfielder,0,0,0,0,,,
Ivory Coast,Yamoussoukro,20.32,Sabri Lamouchi,TOURE,KOLO,183,19-03-1981,FALSE,Defender,0,0,0,0,,,
Ivory Coast,Yamoussoukro,20.32,Sabri Lamouchi,DANIEL AKPA,JEAN,180,11-10-1992,FALSE,Defender,0,0,0,0,,,
Ivory Coast,Yamoussoukro,20.32,Sabri Lamouchi,TIOTE,ISMAEL,175,21-06-1986,FALSE,Midfielder,1,0,0,0,,,
Ivory Coast,Yamoussoukro,20.32,Sabri Lamouchi,DIOMANDE,ISMAEL,180,28-08-1992,FALSE,Midfielder,0,0,0,0,,,
Ivory Coast,Yamoussoukro,20.32,Sabri Lamouchi,SIO,GIOVANNI,180,31-03-1989,FALSE,Forward,0,0,0,0,,,
Ivory Coast,Yamoussoukro,20.32,Sabri Lamouchi,YAO KOUASSI,GERVINHO,179,27-05-1987,FALSE,Forward,0,0,2,1,,,
Ivory Coast,Yamoussoukro,20.32,Sabri Lamouchi,SEREY,DIE,179,07-11-1984,FALSE,Midfielder,1,0,0,0,,,
Ivory Coast,Yamoussoukro,20.32,Sabri Lamouchi,ZOKORA,DIDIER,183,14-12-1980,FALSE,Defender,2,0,0,0,,,
Ivory Coast,Yamoussoukro,20.32,Sabri Lamouchi,DROGBA,DIDIER,180,11-03-1978,TRUE,Forward,1,0,0,0,,,
Ivory Coast,Yamoussoukro,20.32,Sabri Lamouchi,DJAKPA,CONSTANT,177,17-10-1986,FALSE,Defender,0,0,0,0,,,
Ivory Coast,Yamoussoukro,20.32,Sabri Lamouchi,BARRY,BOUBACAR,180,30-12-1979,FALSE,Goalkeeper,0,0,0,0,,,
Ivory Coast,Yamoussoukro,20.32,Sabri Lamouchi,BOKA,ARTHUR,166,02-04-1983,FALSE,Defender,0,0,0,0,,,
Japan,Tokyo,127.06,Alberto Zaccheroni,OSAKO,YUYA,182,18-05-1990,FALSE,Forward,0,0,0,0,,,
Japan,Tokyo,127.06,Alberto Zaccheroni,NAGATOMO,YUTO,170,12-09-1986,FALSE,Defender,0,0,0,0,,,
Japan,Tokyo,127.06,Alberto Zaccheroni,OKUBO,YOSHITO,170,09-06-1982,FALSE,Forward,0,0,0,0,,,
Japan,Tokyo,127.06,Alberto Zaccheroni,KAKITANI,YOICHIRO,177,03-01-1990,FALSE,Forward,0,0,0,0,,,
Japan,Tokyo,127.06,Alberto Zaccheroni,KONNO,YASUYUKI,178,25-01-1983,FALSE,Defender,1,0,0,0,,,
Japan,Tokyo,127.06,Alberto Zaccheroni,ENDO,YASUHITO,178,28-01-1980,FALSE,Midfielder,0,0,0,0,,,
Japan,Tokyo,127.06,Alberto Zaccheroni,AOYAMA,TOSHIHIRO,174,22-02-1986,FALSE,Midfielder,0,0,0,0,,,
Japan,Tokyo,127.06,Alberto Zaccheroni,NISHIKAWA,SHUSAKU,183,18-06-1986,FALSE,Goalkeeper,0,0,0,0,,,
Japan,Tokyo,127.06,Alberto Zaccheroni,GONDA,SHUICHI,187,03-03-1989,FALSE,Goalkeeper,0,0,0,0,,,
Japan,Tokyo,127.06,Alberto Zaccheroni,OKAZAKI,SHINJI,174,16-04-1986,FALSE,Forward,0,0,1,0,,,
Japan,Tokyo,127.06,Alberto Zaccheroni,KAGAWA,SHINJI,172,17-03-1989,FALSE,Forward,0,0,0,0,,,
Japan,Tokyo,127.06,Alberto Zaccheroni,YOSHIDA,MAYA,189,24-08-1988,FALSE,Defender,1,0,0,0,,,
Japan,Tokyo,127.06,Alberto Zaccheroni,MORISHIGE,MASATO,183,21-05-1987,FALSE,Defender,1,0,0,0,,,
Japan,Tokyo,127.06,Alberto Zaccheroni,INOHA,MASAHIKO,179,28-08-1985,FALSE,Defender,0,0,0,0,,,
Japan,Tokyo,127.06,Alberto Zaccheroni,SAITO,MANABU,169,04-04-1990,FALSE,Forward,0,0,0,0,,,
Japan,Tokyo,127.06,Alberto Zaccheroni,HASEBE,MAKOTO,180,18-01-1984,TRUE,Midfielder,1,0,0,0,,,
Japan,Tokyo,127.06,Alberto Zaccheroni,HONDA,KEISUKE,182,13-06-1986,FALSE,Forward,0,0,1,1,,,
Japan,Tokyo,127.06,Alberto Zaccheroni,YAMAGUCHI,HOTARU,173,06-10-1990,FALSE,Midfielder,0,0,0,0,,,
Japan,Tokyo,127.06,Alberto Zaccheroni,KIYOTAKE,HIROSHI,172,12-11-1989,FALSE,Forward,0,0,0,0,,,
Japan,Tokyo,127.06,Alberto Zaccheroni,SAKAI,HIROKI,185,12-04-1990,FALSE,Defender,0,0,0,0,,,
Japan,Tokyo,127.06,Alberto Zaccheroni,SAKAI,GOTOKU,176,14-03-1991,FALSE,Defender,0,0,0,0,,,
Japan,Tokyo,127.06,Alberto Zaccheroni,KAWASHIMA,EIJI,185,20-03-1983,FALSE,Goalkeeper,0,0,0,0,,,
Japan,Tokyo,127.06,Alberto Zaccheroni,UCHIDA,ATSUTO,176,27-03-1988,FALSE,Defender,0,0,0,0,,,
Mexico,Mexico City,122.3,Miguel Herrera,JIMENEZ,RAUL,186,05-05-1991,FALSE,Forward,0,0,0,0,,,
Mexico,Mexico City,122.3,Miguel Herrera,MARQUEZ,RAFAEL,184,13-02-1979,TRUE,Defender,2,0,1,1,,,
Mexico,Mexico City,122.3,Miguel Herrera,AGUILAR,PAUL,178,06-03-1986,FALSE,Defender,2,0,0,0,,,
Mexico,Mexico City,122.3,Miguel Herrera,PERALTA,ORIBE,177,12-01-1984,FALSE,Forward,0,0,1,0,,,
Mexico,Mexico City,122.3,Miguel Herrera,PONCE,MIGUEL,175,12-04-1989,FALSE,Defender,0,0,0,0,,,
Mexico,Mexico City,122.3,Miguel Herrera,LAYUN,MIGUEL,178,25-06-1988,FALSE,Defender,0,0,0,0,,,
Mexico,Mexico City,122.3,Miguel Herrera,FABIAN,MARCO,171,21-07-1989,FALSE,Midfielder,0,0,0,0,,,
Mexico,Mexico City,122.3,Miguel Herrera,VAZQUEZ,JOSE,164,14-03-1988,FALSE,Midfielder,2,0,0,0,,,
Mexico,Mexico City,122.3,Miguel Herrera,CORONA,JOSE,178,26-01-1981,FALSE,Goalkeeper,0,0,0,0,,,
Mexico,Mexico City,122.3,Miguel Herrera,HERNANDEZ,JAVIER,175,01-06-1988,FALSE,Forward,0,0,1,0,,,
Mexico,Mexico City,122.3,Miguel Herrera,AQUINO,JAVIER,166,11-02-1990,FALSE,Midfielder,0,0,0,0,,,
Mexico,Mexico City,122.3,Miguel Herrera,BRIZUELA,ISAAC,173,28-08-1990,FALSE,Midfielder,0,0,0,0,,,
Mexico,Mexico City,122.3,Miguel Herrera,MORENO,HECTOR,182,17-01-1988,FALSE,Defender,1,0,0,0,,,
Mexico,Mexico City,122.3,Miguel Herrera,HERRERA,HECTOR,180,19-04-1990,FALSE,Midfielder,0,0,0,1,,,
Mexico,Mexico City,122.3,Miguel Herrera,OCHOA,GUILLERMO,185,13-07-1985,FALSE,Goalkeeper,0,0,0,0,,,
Mexico,Mexico City,122.3,Miguel Herrera,DOS SANTOS,GIOVANI,179,11-05-1989,FALSE,Forward,0,0,1,1,,,
Mexico,Mexico City,122.3,Miguel Herrera,RODRIGUEZ,FRANCISCO,191,20-10-1981,FALSE,Defender,0,0,0,0,,,
Mexico,Mexico City,122.3,Miguel Herrera,REYES,DIEGO,189,19-09-1992,FALSE,Defender,0,0,0,0,,,
Mexico,Mexico City,122.3,Miguel Herrera,SALCIDO,CARLOS,176,02-04-1980,FALSE,Defender,0,0,0,0,,,
Mexico,Mexico City,122.3,Miguel Herrera,PENA,CARLOS,176,29-03-1990,FALSE,Midfielder,0,0,0,0,,,
Mexico,Mexico City,122.3,Miguel Herrera,GUARDADO,ANDRES,167,28-09-1986,FALSE,Defender,1,0,1,0,,,
Mexico,Mexico City,122.3,Miguel Herrera,TALAVERA,ALFREDO,188,18-09-1982,FALSE,Goalkeeper,0,0,0,0,,,
Mexico,Mexico City,122.3,Miguel Herrera,PULIDO,ALAN,176,08-03-1991,FALSE,Forward,0,0,0,0,,,
Netherlands,Amesterdam,16.9,Louis van Gaal,SNEIJDER,WESLEY,171,09-06-1984,FALSE,Midfielder,0,0,1,1,,,
Netherlands,Amesterdam,16.9,Louis van Gaal,KRUL,TIM,193,03-04-1988,FALSE,Goalkeeper,0,0,0,0,,,
Netherlands,Amesterdam,16.9,Louis van Gaal,KONGOLO,TERENCE,183,14-02-1994,FALSE,Defender,0,0,0,0,,,
Netherlands,Amesterdam,16.9,Louis van Gaal,DE VRIJ,STEFAN,190,05-02-1992,FALSE,Defender,1,0,1,0,,,
Netherlands,Amesterdam,16.9,Louis van Gaal,VLAAR,RON,190,16-02-1985,FALSE,Defender,0,0,0,0,,,
Netherlands,Amesterdam,16.9,Louis van Gaal,VAN PERSIE,ROBIN,186,06-08-1983,TRUE,Forward,2,0,4,0,,,
Netherlands,Amesterdam,16.9,Louis van Gaal,VERHAEGH,PAUL,178,01-09-1983,FALSE,Defender,0,0,0,0,,,
Netherlands,Amesterdam,16.9,Louis van Gaal,DE JONG,NIGEL,174,30-11-1984,FALSE,Midfielder,0,0,0,0,,,
Netherlands,Amesterdam,16.9,Louis van Gaal,VORM,MICHEL,183,20-10-1983,FALSE,Goalkeeper,0,0,0,0,,,
Netherlands,Amesterdam,16.9,Louis van Gaal,DEPAY,MEMPHIS,178,13-02-1994,FALSE,Forward,0,0,2,1,,,
Netherlands,Amesterdam,16.9,Louis van Gaal,FER,LEROY,188,05-01-1990,FALSE,Midfielder,0,0,1,0,,,
Netherlands,Amesterdam,16.9,Louis van Gaal,JAN HUNTELAAR,KLAAS,187,12-08-1983,FALSE,Forward,2,0,1,1,,,
Netherlands,Amesterdam,16.9,Louis van Gaal,CLASIE,JORDY,169,27-06-1991,FALSE,Midfielder,0,0,0,0,,,
Netherlands,Amesterdam,16.9,Louis van Gaal,DE GUZMAN,JONATHAN,174,13-09-1987,FALSE,Midfielder,2,0,0,0,,,
Netherlands,Amesterdam,16.9,Louis van Gaal,VELTMAN,JOEL,183,15-01-1992,FALSE,Defender,0,0,0,0,,,
Netherlands,Amesterdam,16.9,Louis van Gaal,LENS,JEREMAIN,178,24-11-1987,FALSE,Forward,0,0,0,0,,,
Netherlands,Amesterdam,16.9,Louis van Gaal,CILLESSEN,JASPER,187,22-04-1989,FALSE,Goalkeeper,0,0,0,0,,,
Netherlands,Amesterdam,16.9,Louis van Gaal,WIJNALDUM,GEORGINIO,175,11-11-1990,FALSE,Midfielder,0,0,1,0,,,
Netherlands,Amesterdam,16.9,Louis van Gaal,KUYT,DIRK,184,22-07-1980,FALSE,Forward,0,0,0,0,,,
Netherlands,Amesterdam,16.9,Louis van Gaal,JANMAAT,DARYL,186,22-07-1989,FALSE,Defender,0,0,0,2,,,
Netherlands,Amesterdam,16.9,Louis van Gaal,BLIND,DALEY,180,09-03-1990,FALSE,Defender,1,0,1,2,,,
Netherlands,Amesterdam,16.9,Louis van Gaal,MARTINS INDI,BRUNO,186,08-02-1992,FALSE,Defender,2,0,0,0,,,
Netherlands,Amesterdam,16.9,Louis van Gaal,ROBBEN,ARJEN,180,23-01-1984,FALSE,Forward,1,0,3,1,,,
Nigeria,Abuja,173.6,Stephen Keshi,ENYEAMA,VINCENT,185,29-08-1982,TRUE,Goalkeeper,0,0,0,0,,,
Nigeria,Abuja,173.6,Stephen Keshi,MOSES,VICTOR,177,12-12-1990,FALSE,Forward,0,0,0,0,,,
Nigeria,Abuja,173.6,Stephen Keshi,ECHIEJILE,UWA,185,20-01-1988,FALSE,Defender,0,0,0,0,,,
Nigeria,Abuja,173.6,Stephen Keshi,NWOFOR,UCHE,177,17-09-1991,FALSE,Forward,0,0,0,0,,,
Nigeria,Abuja,173.6,Stephen Keshi,AMEOBI,SHOLA,188,12-10-1981,FALSE,Forward,0,0,0,0,,,
Nigeria,Abuja,173.6,Stephen Keshi,GABRIEL,RUBEN,184,25-09-1990,FALSE,Midfielder,0,0,0,0,,,
Nigeria,Abuja,173.6,Stephen Keshi,AZEEZ,RAMON,170,12-12-1992,FALSE,Midfielder,0,0,0,0,,,
Nigeria,Abuja,173.6,Stephen Keshi,ODEMWINGIE,PETER,181,15-07-1981,FALSE,Forward,0,0,1,0,,,
Nigeria,Abuja,173.6,Stephen Keshi,UCHEBO,OKECHUKWU,194,03-02-1990,FALSE,Forward,0,0,0,0,,,
Nigeria,Abuja,173.6,Stephen Keshi,ONAZI,OGENYI,168,25-12-1992,FALSE,Midfielder,0,0,0,0,,,
Nigeria,Abuja,173.6,Stephen Keshi,BABATUNDE,MICHAEL,165,24-12-1992,FALSE,Forward,0,0,0,1,,,
Nigeria,Abuja,173.6,Stephen Keshi,OMERUO,KENNETH,185,17-10-1993,FALSE,Defender,0,0,0,0,,,
Nigeria,Abuja,173.6,Stephen Keshi,OSHANIWA,JUWON,184,14-09-1990,FALSE,Defender,1,0,0,0,,,
Nigeria,Abuja,173.6,Stephen Keshi,YOBO,JOSEPH,185,06-09-1980,FALSE,Defender,0,0,0,0,,,
Nigeria,Abuja,173.6,Stephen Keshi,OBI MIKEL,JOHN,188,22-04-1987,FALSE,Midfielder,1,0,0,0,,,
Nigeria,Abuja,173.6,Stephen Keshi,OBOABONA,GODFREY,183,16-09-1990,FALSE,Defender,0,0,0,0,,,
Nigeria,Abuja,173.6,Stephen Keshi,EMENIKE,EMMANUEL,182,10-05-1987,FALSE,Forward,0,0,0,1,,,
Nigeria,Abuja,173.6,Stephen Keshi,AMBROSE,EFE,190,18-10-1988,FALSE,Defender,0,0,0,0,,,
Nigeria,Abuja,173.6,Stephen Keshi,ODUNLAMI,EBENEZER,187,30-04-1991,FALSE,Defender,0,0,0,0,,,
Nigeria,Abuja,173.6,Stephen Keshi,AGBIM,CHIGOZIE,187,28-11-1984,FALSE,Goalkeeper,0,0,0,0,,,
Nigeria,Abuja,173.6,Stephen Keshi,EGWUEKWE,AZUBUIKE,195,16-07-1989,FALSE,Defender,0,0,0,0,,,
Nigeria,Abuja,173.6,Stephen Keshi,EJIDE,AUSTINE,186,08-04-1984,FALSE,Goalkeeper,0,0,0,0,,,
Nigeria,Abuja,173.6,Stephen Keshi,MUSA,AHMED,176,14-10-1992,FALSE,Forward,0,0,2,0,,,
Portugal,Lisbon,10.58,Paulo Bento,CARVALHO,WILLIAM,185,07-04-1992,FALSE,Midfielder,0,0,0,0,,,
Portugal,Lisbon,10.58,Paulo Bento,DE FREITAS,VIEIRINHA,170,24-01-1986,FALSE,Forward,0,0,0,0,,,
Portugal,Lisbon,10.58,Paulo Bento,SILVESTRE,VARELA,180,02-02-1985,FALSE,Forward,0,0,1,0,,,
Portugal,Lisbon,10.58,Paulo Bento,PATRICIO,RUI,189,15-02-1988,FALSE,Goalkeeper,0,0,0,0,,,
Portugal,Lisbon,10.58,Paulo Bento,AMORIM,RUBEN,180,27-01-1985,FALSE,Midfielder,0,0,0,0,,,
Portugal,Lisbon,10.58,Paulo Bento,COSTA,RICARDO,183,16-05-1981,FALSE,Defender,0,0,0,0,,,
Portugal,Lisbon,10.58,Paulo Bento,MEIRELES,RAUL,179,17-03-1983,FALSE,Midfielder,0,0,0,0,,,
Portugal,Lisbon,10.58,Paulo Bento,SILVA,RAFA,173,17-05-1993,FALSE,Forward,0,0,0,0,,,
Portugal,Lisbon,10.58,Paulo Bento,FERREIRA,PEPE,186,26-02-1983,FALSE,Defender,0,1,0,0,,,
Portugal,Lisbon,10.58,Paulo Bento,DA CUNHA,NANI,175,17-11-1986,FALSE,Forward,0,0,1,0,,,
Portugal,Lisbon,10.58,Paulo Bento,VELOSO,MIGUEL,181,11-05-1986,FALSE,Midfielder,0,0,0,1,,,
Portugal,Lisbon,10.58,Paulo Bento,NETO,LUIS,186,26-05-1988,FALSE,Defender,0,0,0,0,,,
Portugal,Lisbon,10.58,Paulo Bento,PEREIRA,JOAO,172,25-02-1984,FALSE,Defender,1,0,0,0,,,
Portugal,Lisbon,10.58,Paulo Bento,MOUTINHO,JOAO,170,08-09-1986,FALSE,Midfielder,1,0,0,0,,,
Portugal,Lisbon,10.58,Paulo Bento,ALMEIDA,HUGO,193,23-05-1984,FALSE,Forward,0,0,0,0,,,
Portugal,Lisbon,10.58,Paulo Bento,POSTIGA,HELDER,182,02-08-1982,FALSE,Forward,0,0,0,0,,,
Portugal,Lisbon,10.58,Paulo Bento,COENTRAO,FABIO,181,11-03-1988,FALSE,Defender,0,0,0,0,,,
Portugal,Lisbon,10.58,Paulo Bento,CARVALHO,EDUARDO,187,19-09-1982,FALSE,Goalkeeper,0,0,0,0,,,
Portugal,Lisbon,10.58,Paulo Bento,LOPES,EDER,190,22-12-1987,FALSE,Forward,0,0,0,0,,,
Portugal,Lisbon,10.58,Paulo Bento,RONALDO,CRISTIANO,185,05-02-1985,TRUE,Forward,0,0,1,1,,,
Portugal,Lisbon,10.58,Paulo Bento,ALVES,BRUNO,187,27-11-1981,FALSE,Defender,0,0,0,0,,,
Portugal,Lisbon,10.58,Paulo Bento,BASTOS,BETO,183,01-05-1982,FALSE,Goalkeeper,0,0,0,0,,,
Portugal,Lisbon,10.58,Paulo Bento,ALMEIDA,ANDRE,185,10-09-1990,FALSE,Defender,0,0,0,0,,,
Russia,Moscow,142.46,Fabio Capello,ZHIRKOV,YURY,180,20-08-1983,FALSE,Forward,0,0,0,0,,,
Russia,Moscow,142.46,Fabio Capello,LODYGIN,YURY,186,26-05-1990,FALSE,Goalkeeper,0,0,0,0,,,
Russia,Moscow,142.46,Fabio Capello,GRANAT,VLADIMIR,184,22-05-1987,FALSE,Defender,0,0,0,0,,,
Russia,Moscow,142.46,Fabio Capello,FAYZULIN,VICTOR,176,22-04-1986,FALSE,Midfielder,0,0,0,0,,,
Russia,Moscow,142.46,Fabio Capello,BEREZUTSKIY,VASILY,188,20-06-1982,FALSE,Defender,0,0,0,0,,,
Russia,Moscow,142.46,Fabio Capello,RYZHIKOV,SERGEY,192,19-09-1980,FALSE,Goalkeeper,0,0,0,0,,,
Russia,Moscow,142.46,Fabio Capello,IGNASHEVICH,SERGEY,186,14-07-1979,FALSE,Defender,0,0,0,0,,,
Russia,Moscow,142.46,Fabio Capello,SHIROKOV,ROMAN,183,06-07-1981,TRUE,Midfielder,0,0,0,0,,,
Russia,Moscow,142.46,Fabio Capello,SHATOV,OLEG,176,29-07-1990,FALSE,Midfielder,1,0,0,0,,,
Russia,Moscow,142.46,Fabio Capello,KANUNNIKOV,MAKSIM,184,14-07-1991,FALSE,Forward,0,0,0,0,,,
Russia,Moscow,142.46,Fabio Capello,DENISOV,IGOR,176,17-05-1984,FALSE,Midfielder,0,0,0,0,,,
Russia,Moscow,142.46,Fabio Capello,AKINFEEV,IGOR,185,08-04-1986,FALSE,Goalkeeper,0,0,0,0,,,
Russia,Moscow,142.46,Fabio Capello,SHCHENNIKOV,GEORGY,179,27-04-1991,FALSE,Defender,0,0,0,0,,,
Russia,Moscow,142.46,Fabio Capello,KOMBAROV,DMITRY,182,22-01-1987,FALSE,Defender,1,0,0,1,,,
Russia,Moscow,142.46,Fabio Capello,GLUSHAKOV,DENIS,182,27-01-1987,FALSE,Midfielder,1,0,0,0,,,
Russia,Moscow,142.46,Fabio Capello,SEMENOV,ANDREY,191,24-03-1989,FALSE,Defender,0,0,0,0,,,
Russia,Moscow,142.46,Fabio Capello,ESHCHENKO,ANDREY,177,09-02-1984,FALSE,Defender,0,0,0,0,,,
Russia,Moscow,142.46,Fabio Capello,IONOV,ALEXEY,178,18-02-1989,FALSE,Forward,0,0,0,0,,,
Russia,Moscow,142.46,Fabio Capello,SAMEDOV,ALEXANDER,178,19-07-1984,FALSE,Forward,0,0,0,0,,,
Russia,Moscow,142.46,Fabio Capello,KOKORIN,ALEXANDER,182,19-03-1991,FALSE,Forward,0,0,1,0,,,
Russia,Moscow,142.46,Fabio Capello,KOZLOV,ALEKSEI,185,25-12-1986,FALSE,Defender,1,0,0,0,,,
Russia,Moscow,142.46,Fabio Capello,KERZHAKOV,ALEKSANDR,175,27-11-1982,FALSE,Forward,0,0,1,0,,,
Russia,Moscow,142.46,Fabio Capello,DZAGOEV,ALAN,178,17-06-1990,FALSE,Midfielder,0,0,0,0,,,
South Korea,Seoul,50.42,Hong Myung-bo,SUKYOUNG,YUN,182,13-02-1990,FALSE,Defender,0,0,0,1,,,
South Korea,Seoul,50.42,Hong Myung-bo,HEUNGMIN,SON,183,08-07-1992,FALSE,Midfielder,1,0,1,0,,,
South Korea,Seoul,50.42,Hong Myung-bo,JOOHO,PARK,174,16-01-1987,FALSE,Defender,0,0,0,0,,,
South Korea,Seoul,50.42,Hong Myung-bo,JONGWOO,PARK,180,10-03-1989,FALSE,Midfielder,0,0,0,0,,,
South Korea,Seoul,50.42,Hong Myung-bo,CHUYOUNG,PARK,183,10-07-1985,FALSE,Forward,0,0,0,0,,,
South Korea,Seoul,50.42,Hong Myung-bo,YONG,LEE,180,24-12-1986,FALSE,Defender,1,0,0,0,,,
South Korea,Seoul,50.42,Hong Myung-bo,KEUNHO,LEE,177,11-04-1985,FALSE,Forward,0,0,1,1,,,
South Korea,Seoul,50.42,Hong Myung-bo,CHUNGYONG,LEE,180,02-07-1988,FALSE,Midfielder,0,0,0,0,,,
South Korea,Seoul,50.42,Hong Myung-bo,BUMYOUNG,LEE,199,02-04-1989,FALSE,Goalkeeper,0,0,0,0,,,
South Korea,Seoul,50.42,Hong Myung-bo,TAEHWI,KWAK,185,08-07-1981,FALSE,Defender,0,0,0,0,,,
South Korea,Seoul,50.42,Hong Myung-bo,JACHEOL,KOO,182,27-02-1989,TRUE,Forward,1,0,1,0,,,
South Korea,Seoul,50.42,Hong Myung-bo,YOUNGGWON,KIM,187,27-02-1990,FALSE,Defender,0,0,0,0,,,
South Korea,Seoul,50.42,Hong Myung-bo,SHINWOOK,KIM,196,14-04-1988,FALSE,Forward,0,0,0,0,,,
South Korea,Seoul,50.42,Hong Myung-bo,SEUNGGYU,KIM,187,30-09-1990,FALSE,Goalkeeper,0,0,0,0,,,
South Korea,Seoul,50.42,Hong Myung-bo,CHANGSOO,KIM,179,12-09-1985,FALSE,Defender,0,0,0,0,,,
South Korea,Seoul,50.42,Hong Myung-bo,BOKYUNG,KIM,178,06-10-1989,FALSE,Midfielder,0,0,0,0,,,
South Korea,Seoul,50.42,Hong Myung-bo,SUNGYUENG,KI,186,24-01-1989,FALSE,Midfielder,1,0,0,0,,,
South Korea,Seoul,50.42,Hong Myung-bo,SUNGRYONG,JUNG,190,04-01-1985,FALSE,Goalkeeper,0,0,0,0,,,
South Korea,Seoul,50.42,Hong Myung-bo,DONGWON,JI,186,28-05-1991,FALSE,Midfielder,0,0,0,0,,,
South Korea,Seoul,50.42,Hong Myung-bo,SEOKHO,HWANG,182,27-06-1989,FALSE,Defender,0,0,0,0,,,
South Korea,Seoul,50.42,Hong Myung-bo,JEONGHO,HONG,188,12-08-1989,FALSE,Defender,1,0,0,0,,,
South Korea,Seoul,50.42,Hong Myung-bo,KOOKYOUNG,HAN,183,19-04-1990,FALSE,Midfielder,1,0,0,0,,,
South Korea,Seoul,50.42,Hong Myung-bo,DAESUNG,HA,182,02-03-1985,FALSE,Midfielder,0,0,0,0,,,
Spain,Madrid,47.1,Vicente del Bosque,HERNANDEZ,XAVI,170,25-01-1980,FALSE,Midfielder,0,0,0,0,,,
Spain,Madrid,47.1,Vicente del Bosque,ALONSO,XABI,183,25-11-1981,FALSE,Midfielder,1,0,1,0,,,
Spain,Madrid,47.1,Vicente del Bosque,RAMOS,SERGIO,183,30-03-1986,FALSE,Defender,1,0,0,0,,,
Spain,Madrid,47.1,Vicente del Bosque,BUSQUETS,SERGIO,189,16-07-1988,FALSE,Midfielder,0,0,0,0,,,
Spain,Madrid,47.1,Vicente del Bosque,CAZORLA,SANTI,169,13-12-1984,FALSE,Midfielder,0,0,0,0,,,
Spain,Madrid,47.1,Vicente del Bosque,ALBIOL,RAUL,187,04-09-1985,FALSE,Defender,0,0,0,0,,,
Spain,Madrid,47.1,Vicente del Bosque,REINA,PEPE,187,31-08-1982,FALSE,Goalkeeper,0,0,0,0,,,
Spain,Madrid,47.1,Vicente del Bosque,RODRIGUEZ,PEDRO,169,28-07-1987,FALSE,Forward,0,0,0,0,,,
Spain,Madrid,47.1,Vicente del Bosque,MERODIO,KOKE,178,08-01-1992,FALSE,Midfielder,0,0,0,0,,,
Spain,Madrid,47.1,Vicente del Bosque,BELEN,JUANFRAN,180,09-01-1985,FALSE,Defender,0,0,0,1,,,
Spain,Madrid,47.1,Vicente del Bosque,MATA,JUAN,171,28-04-1988,FALSE,Forward,0,0,1,0,,,
Spain,Madrid,47.1,Vicente del Bosque,ALBA,JORDI,170,21-03-1989,FALSE,Defender,0,0,0,0,,,
Spain,Madrid,47.1,Vicente del Bosque,MARTINEZ,JAVI,190,02-09-1988,FALSE,Midfielder,0,0,0,0,,,
Spain,Madrid,47.1,Vicente del Bosque,CASILLAS,IKER,185,20-05-1981,TRUE,Goalkeeper,1,0,0,0,,,
Spain,Madrid,47.1,Vicente del Bosque,PIQUE,GERARD,192,02-02-1987,FALSE,Defender,0,0,0,0,,,
Spain,Madrid,47.1,Vicente del Bosque,TORRES,FERNANDO,186,20-03-1984,FALSE,Forward,0,0,1,0,,,
Spain,Madrid,47.1,Vicente del Bosque,COSTA,DIEGO,188,07-10-1988,FALSE,Forward,0,0,0,0,,,
Spain,Madrid,47.1,Vicente del Bosque,VILLA,DAVID,175,03-12-1981,FALSE,Forward,0,0,1,0,,,
Spain,Madrid,47.1,Vicente del Bosque,SILVA,DAVID,170,08-01-1986,FALSE,Midfielder,0,0,0,0,,,
Spain,Madrid,47.1,Vicente del Bosque,DE GEA,DAVID,190,07-11-1990,FALSE,Goalkeeper,0,0,0,0,,,
Spain,Madrid,47.1,Vicente del Bosque,FABREGAS,CESC,175,04-05-1987,FALSE,Midfielder,0,0,0,1,,,
Spain,Madrid,47.1,Vicente del Bosque,AZPILICUETA,CESAR,178,28-08-1989,FALSE,Midfielder,0,0,0,0,,,
Spain,Madrid,47.1,Vicente del Bosque,INIESTA,ANDRES,170,11-05-1984,FALSE,Midfielder,0,0,0,1,,,
Switzerland,Bern,8,Ottmar Hitzfeld,SOMMER,YANN,183,17-12-1988,FALSE,Goalkeeper,0,0,0,0,,,
Switzerland,Bern,8,Ottmar Hitzfeld,SHAQIRI,XHERDAN,169,10-10-1991,FALSE,Midfielder,0,0,3,0,,,
Switzerland,Bern,8,Ottmar Hitzfeld,BEHRAMI,VALON,184,19-04-1985,FALSE,Midfielder,0,0,0,0,,,
Switzerland,Bern,8,Ottmar Hitzfeld,STOCKER,VALENTIN,179,12-04-1989,FALSE,Midfielder,0,0,0,0,,,
Switzerland,Bern,8,Ottmar Hitzfeld,BARNETTA,TRANQUILLO,178,22-05-1985,FALSE,Midfielder,0,0,0,0,,,
Switzerland,Bern,8,Ottmar Hitzfeld,VON BERGEN,STEVE,183,10-06-1983,FALSE,Defender,0,0,0,0,,,
Switzerland,Bern,8,Ottmar Hitzfeld,LICHTSTEINER,STEPHAN,180,16-01-1984,FALSE,Defender,0,0,0,0,,,
Switzerland,Bern,8,Ottmar Hitzfeld,BUERKI,ROMAN,188,14-11-1990,FALSE,Goalkeeper,0,0,0,0,,,
Switzerland,Bern,8,Ottmar Hitzfeld,RODRIGUEZ,RICARDO,180,25-08-1992,FALSE,Defender,0,0,0,1,,,
Switzerland,Bern,8,Ottmar Hitzfeld,ZIEGLER,RETO,183,16-01-1986,FALSE,Defender,0,0,0,0,,,
Switzerland,Bern,8,Ottmar Hitzfeld,SENDEROS,PHILIPPE,190,14-02-1985,FALSE,Defender,0,0,0,0,,,
Switzerland,Bern,8,Ottmar Hitzfeld,LANG,MICHAEL,185,08-02-1991,FALSE,Defender,0,0,0,0,,,
Switzerland,Bern,8,Ottmar Hitzfeld,GAVRANOVIC,MARIO,175,24-11-1989,FALSE,Forward,0,0,0,0,,,
Switzerland,Bern,8,Ottmar Hitzfeld,DRMIC,JOSIP,182,08-08-1992,FALSE,Forward,1,0,0,2,,,
Switzerland,Bern,8,Ottmar Hitzfeld,DJOUROU,JOHAN,192,18-01-1987,FALSE,Defender,1,0,0,0,,,
Switzerland,Bern,8,Ottmar Hitzfeld,SEFEROVIC,HARIS,187,22-02-1992,FALSE,Forward,0,0,1,0,,,
Switzerland,Bern,8,Ottmar Hitzfeld,XHAKA,GRANIT,183,27-09-1992,FALSE,Midfielder,1,0,1,0,,,
Switzerland,Bern,8,Ottmar Hitzfeld,INLER,GOKHAN,181,27-06-1984,TRUE,Midfielder,0,0,0,1,,,
Switzerland,Bern,8,Ottmar Hitzfeld,FERNANDES,GELSON,179,02-09-1986,FALSE,Midfielder,1,0,0,0,,,
Switzerland,Bern,8,Ottmar Hitzfeld,SCHAER,FABIAN,186,20-12-1991,FALSE,Defender,0,0,0,0,,,
Switzerland,Bern,8,Ottmar Hitzfeld,BENAGLIO,DIEGO,195,08-09-1983,FALSE,Goalkeeper,0,0,0,0,,,
Switzerland,Bern,8,Ottmar Hitzfeld,DZEMAILI,BLERIM,179,12-04-1986,FALSE,Midfielder,0,0,1,0,,,
Switzerland,Bern,8,Ottmar Hitzfeld,MEHMEDI,ADMIR,183,16-03-1991,FALSE,Forward,0,0,1,1,,,
Uruguay,Montevideo,3.42,Oscar Tabarez,GARGANO,WALTER,168,23-07-1984,FALSE,Midfielder,1,0,0,0,,,
Uruguay,Montevideo,3.42,Oscar Tabarez,COATES,SEBASTIAN,196,07-10-1990,FALSE,Defender,0,0,0,0,,,
Uruguay,Montevideo,3.42,Oscar Tabarez,MUNOZ,RODRIGO,185,22-01-1982,FALSE,Goalkeeper,0,0,0,0,,,
Uruguay,Montevideo,3.42,Oscar Tabarez,LODEIRO,NICOLAS,173,21-03-1989,FALSE,Midfielder,0,0,0,0,,,
Uruguay,Montevideo,3.42,Oscar Tabarez,PEREIRA,MAXIMILIANO,173,08-06-1984,FALSE,Defender,0,1,0,0,,,
Uruguay,Montevideo,3.42,Oscar Tabarez,SILVA,MARTIN,187,25-03-1983,FALSE,Goalkeeper,0,0,0,0,,,
Uruguay,Montevideo,3.42,Oscar Tabarez,CACERES,MARTIN,178,07-04-1987,FALSE,Defender,1,0,0,0,,,
Uruguay,Montevideo,3.42,Oscar Tabarez,SUAREZ,LUIS,181,24-01-1987,FALSE,Forward,0,0,2,0,,,
Uruguay,Montevideo,3.42,Oscar Tabarez,GIMENEZ,JOSE,184,20-01-1995,FALSE,Defender,1,0,0,0,,,
Uruguay,Montevideo,3.42,Oscar Tabarez,FUCILE,JORGE,177,19-11-1984,FALSE,Defender,0,0,0,0,,,
Uruguay,Montevideo,3.42,Oscar Tabarez,RAMIREZ,GASTON,183,02-12-1990,FALSE,Midfielder,0,0,0,1,,,
Uruguay,Montevideo,3.42,Oscar Tabarez,MUSLERA,FERNANDO,190,16-06-1986,FALSE,Goalkeeper,1,0,0,1,,,
Uruguay,Montevideo,3.42,Oscar Tabarez,AREVALO,EGIDIO,168,01-01-1982,FALSE,Midfielder,1,0,0,0,,,
Uruguay,Montevideo,3.42,Oscar Tabarez,CAVANI,EDINSON,188,14-02-1987,FALSE,Forward,0,0,1,1,,,
Uruguay,Montevideo,3.42,Oscar Tabarez,PEREZ,DIEGO,176,18-05-1980,FALSE,Midfielder,0,0,0,0,,,
Uruguay,Montevideo,3.42,Oscar Tabarez,LUGANO,DIEGO,188,02-11-1980,TRUE,Defender,2,0,0,0,,,
Uruguay,Montevideo,3.42,Oscar Tabarez,GODIN,DIEGO,185,16-02-1986,FALSE,Defender,1,0,1,0,,,
Uruguay,Montevideo,3.42,Oscar Tabarez,FORLAN,DIEGO,181,19-05-1979,FALSE,Forward,0,0,0,0,,,
Uruguay,Montevideo,3.42,Oscar Tabarez,RODRIGUEZ,CRISTIAN,178,30-09-1985,FALSE,Midfielder,0,0,0,0,,,
Uruguay,Montevideo,3.42,Oscar Tabarez,STUANI,CRISTHIAN,186,12-10-1986,FALSE,Forward,0,0,0,0,,,
Uruguay,Montevideo,3.42,Oscar Tabarez,PEREIRA,ALVARO,182,28-11-1985,FALSE,Midfielder,0,0,0,0,,,
Uruguay,Montevideo,3.42,Oscar Tabarez,GONZALEZ,ALVARO,175,29-10-1984,FALSE,Midfielder,0,0,0,0,,,
Uruguay,Montevideo,3.42,Oscar Tabarez,HERNANDEZ,ABEL,186,08-08-1990,FALSE,Forward,0,0,0,0,,,
USA,Washington D.C.,318.9,Jurgen Klinsmann,CHANDLER,TIMMY,186,29-03-1990,FALSE,Defender,0,0,0,0,,,
USA,Washington D.C.,318.9,Jurgen Klinsmann,HOWARD,TIM,187,06-03-1979,FALSE,Goalkeeper,0,0,0,0,,,
USA,Washington D.C.,318.9,Jurgen Klinsmann,GONZALEZ,OMAR,195,11-10-1988,FALSE,Defender,1,0,0,0,,,
USA,Washington D.C.,318.9,Jurgen Klinsmann,RIMANDO,NICK,182,17-06-1979,FALSE,Goalkeeper,0,0,0,0,,,
USA,Washington D.C.,318.9,Jurgen Klinsmann,DISKERUD,MIX,182,02-10-1990,FALSE,Midfielder,0,0,0,0,,,
USA,Washington D.C.,318.9,Jurgen Klinsmann,BRADLEY,MICHAEL,185,31-07-1987,FALSE,Midfielder,0,0,0,1,,,
USA,Washington D.C.,318.9,Jurgen Klinsmann,BESLER,MATT,182,11-02-1987,FALSE,Defender,0,0,0,0,,,
USA,Washington D.C.,318.9,Jurgen Klinsmann,BECKERMAN,KYLE,181,23-04-1982,FALSE,Midfielder,1,0,0,0,,,
USA,Washington D.C.,318.9,Jurgen Klinsmann,GREEN,JULIAN,172,06-06-1995,FALSE,Midfielder,0,0,1,0,,,
USA,Washington D.C.,318.9,Jurgen Klinsmann,ALTIDORE,JOZY,185,06-11-1989,FALSE,Forward,0,0,0,0,,,
USA,Washington D.C.,318.9,Jurgen Klinsmann,BROOKS,JOHN,193,28-01-1993,FALSE,Defender,0,0,1,0,,,
USA,Washington D.C.,318.9,Jurgen Klinsmann,JONES,JERMAINE,184,03-11-1981,FALSE,Midfielder,1,0,1,0,,,
USA,Washington D.C.,318.9,Jurgen Klinsmann,ZUSI,GRAHAM,177,18-08-1986,FALSE,Midfielder,0,0,0,2,,,
USA,Washington D.C.,318.9,Jurgen Klinsmann,CAMERON,GEOFF,190,11-07-1985,FALSE,Defender,1,0,0,0,,,
USA,Washington D.C.,318.9,Jurgen Klinsmann,JOHNSON,FABIAN,182,11-12-1987,FALSE,Defender,0,0,0,0,,,
USA,Washington D.C.,318.9,Jurgen Klinsmann,YEDLIN,DEANDRE,175,09-07-1993,FALSE,Defender,0,0,0,0,,,
USA,Washington D.C.,318.9,Jurgen Klinsmann,BEASLEY,DAMARCUS,170,24-05-1982,FALSE,Defender,0,0,0,0,,,
USA,Washington D.C.,318.9,Jurgen Klinsmann,DEMPSEY,CLINT,185,09-03-1983,TRUE,Forward,0,0,2,0,,,
USA,Washington D.C.,318.9,Jurgen Klinsmann,WONDOLOWSKI,CHRIS,182,28-01-1983,FALSE,Forward,0,0,0,0,,,
USA,Washington D.C.,318.9,Jurgen Klinsmann,GUZAN,BRAD,193,09-09-1984,FALSE,Goalkeeper,0,0,0,0,,,
USA,Washington D.C.,318.9,Jurgen Klinsmann,DAVIS,BRAD,180,08-11-1981,FALSE,Midfielder,0,0,0,0,,,
USA,Washington D.C.,318.9,Jurgen Klinsmann,JOHANNSSON,ARON,182,10-11-1990,FALSE,Forward,0,0,0,0,,,
USA,Washington D.C.,318.9,Jurgen Klinsmann,BEDOYA,ALEJANDRO,178,29-04-1987,FALSE,Midfielder,0,0,0,0,,,
